an	"अन
"
ankganit	"अंकगतित
"
uncle	"अंकल
"
ankur	"अंकुर
"
ankuran	"अंकुरा
"
ankurit	"अंकुरित
"
aankush	"अंकुक
"
ankush	"अंकुक
"
ang	"अंग
"
anga	"अंग
"
agandh	"अग्दा
"
angad	"अंगी
"
angane	"अंगन
"
angbhang	"अंगगंर
"
angarakshak	"अंगरक्षक
"
angrakshak	"अंगरक्षक
"
angara	"अंगार
"
angaare	"अंगारे
"
angare	"अंगारे
"
angi	"अंगी
"
angikar	"अंगिकार
"
anguthe	"अंगूठे
"
angul	"अंगल
"
anguliyon	"अंगुलियों
"
anguli	"अंगुली
"
ungli	"उंगली
"
angutha	"अंगूरा
"
aanguthiyon	"अंगूतियों
"
anguthiyon	"अंगूठियों
"
anguthi	"अंगूठी
"
anguthe	"अंगूठे
"
anguthon	"अंगूठे
"
angoor	"अंगूर
"
angur	"अंगूर
"
anguri	"अंगूरी
"
anguron	"अंगूरों
"
anguuron	"अंगूरों
"
angon	"अंगों
"
angola	"अंगोला
"
angraji	"अंग्रजी
"
angreji	"अग्रेजी
"
angrezi	"अग्रेजी
"
angreji	"अग्रेजी
"
anchal	"अंचल
"
anchalon	"अंचलों
"
anchlon	"अंचलों
"
anjan	"अंजान
"
anjana	"अंजान
"
anjali	"अंजाली
"
anjaan	"अंजान
"
anjan	"अंजान
"
anjaani	"अंजानी
"
anjani	"अंजानी
"
anjaane	"अंजाना
"
anjane	"अंजानी
"
anjar	"अंजार
"
anjeer	"अंजीर
"
anjum	"अंजुम
"
anjuman	"अंजामन
"
anju	"अंजा
"
antarctica	"अंटर्किसास
"
antartica	"अंटराक्सिक
"
antaniyo	"अंटोनिया
"
antonio	"अंटोनियो
"
antoni	"अंटोनी
"
antony	"अंटोनी
"
andaman	"अंडाान
"
under	"अंडर
"
undercover	"अंडरकार
"
undertaker	"अंडरटेरा
"
underworld	"अंडरवर्ल्य
"
undeworld	"अंडरवर्ल्य
"
underwear	"अंडरविरा
"
anda	"अंडा
"
andaa	"अंडा
"
andakar	"अंदाकार
"
andashay	"अंडाशय
"
andde	"एंड़
"
ande	"एंड़
"
andon	"अंडों
"
ant	"अंत
"
antahakaran	"अंतकरना
"
antahkaran	"अंतकरन
"
antatogtva	"अंततोगत्वा
"
anttogtva	"अंततोतो्ता
"
antar	"अंतर
"
anthar	"अंतर
"
antargrahiy	"अंतरग्रहीय
"
antargrahiya	"अंतरग्रहीय
"
antrgrahiy	"अंतरग्रहीय
"
antarmahadveepeeye	"अंतरमहाद्वीपीय
"
antarmahadvipiya	"अंतरमहाद्वीपीय
"
antarmahadweepiy	"अंतरमहाद्वीपीय
"
antarmhadvipiye	"अंतरमहाद्वीपीय
"
antermahadavipiy	"अंतरमहाद्वीपीय
"
antharmahavipiya	"अंतरमहाद्वीपीय
"
antarrashtriya	"अंतरराष्ट्रीय
"
antarrashtriye	"अंतरराष्ट्रीय
"
antararraashtreey	"अंतरर्राष्ट्रीय
"
antarrashtriya	"अंतरराष्ट्रीय
"
antarrashtriye	"अंतरराष्ट्रीय
"
antaratma	"अंतरात्मा
"
antratma	"अंतरात्मा
"
antral	"अंतराल
"
antarashtriya	"अंतराष्ट्रीय
"
antarrashtriya	"अंतरराष्ट्रीय
"
antrashtriya	"अंतराष्ट्रीय
"
antariksh	"अंतरिक्ष
"
antriksh	"अंतरिक्ष
"
antrikshyatri	"अंतरिक्षयार्ती
"
antrikshayan	"अंतरिक्षयान
"
antrikshyaan	"अंतरिक्षयान
"
antrikshyan	"अंतरिक्षयान
"
antarim	"अंतरिम
"
antrim	"अंतरिम
"
antaron	"अंतरों
"
antargart	"अंतर्गत
"
antargat	"अंतर्ता
"
antrgat	"अंतर्तर
"
antardrishti	"अंतर्रिष्ट्र
"
antdrashti	"अंतर्दृष्टि
"
antdrishti	"अंतर्दृष्टि
"
antardeshiy	"अंतर्देशीय
"
antardeshiya	"अंतर्देशीय
"
antdreshiya	"अंतर्देशीय
"
antarnihit	"अंतर्निहित
"
antnirhit	"अंतर्निहित
"
antarman	"अंतर्मा
"
antrman	"अंतर्मन
"
antarrashtriy	"अंतरराष्ट्रीय
"
antrashtriya	"अंतराष्ट्रीय
"
antrrashtriy	"अंतर्राष्ट्रीय
"
antarvastr	"अंतर्वस्त्र
"
antavastra	"अंतर्वस्त्र
"
antvastra	"अंतर्वस्त्र
"
antarvirodhon	"अंतर्विरोधों
"
antrvirodhon	"अंतर्विरोधों
"
antvirrodhon	"अंतर्विरोधों
"
antarvaiyaktik	"अंतर्विय्त्सा
"
antvaiyktik	"अंतर्वियक्तात
"
antim	"अंतित
"
antule	"अंतले
"
antya	"अंत्य
"
antyeshti	"अंत्येष्टि
"
antyoday	"अंत्यों
"
antyodaya	"अंत्योों
"
andar	"अंदर
"
andhruni	"अंधरूनी
"
androoni	"अंदरोनी
"
andrunee	"अंदरूनी
"
andruni	"अंदरानी
"
andaaj	"अंदाज
"
andaaz	"अंदाज
"
andaz	"अंदाज
"
andhaaz	"अंदाज
"
anadajan	"अंदाजन
"
andaajan	"अंदाजन
"
andaazan	"अंदाजन
"
andajan	"अंदाजन
"
andaaj	"अंदाज
"
andaaz	"अंदाज
"
andaj	"अंदाज
"
andaz	"अंदाज
"
andaaja	"अंदाजा
"
andaajaa	"अंदाजा
"
andaaza	"अंदाजा
"
andaazaa	"अंदाजा
"
andaja	"अंदाजा
"
andaza	"अंदाजा
"
andesha	"अंदेशा
"
andeshaa	"अंदेशा
"
andhak	"अंधक
"
andhakaar	"अंधकार
"
andhkaar	"अंधकार
"
andhkar	"अंधकार
"
andhakaarapurna	"अंधकारपूर्ण
"
andhakarapurn	"अंधकारपूर्ण
"
andhkaarpurn	"अंधकारपूर्ण
"
andhkarpurn	"अंधकारपूर्ण
"
andkaarpurn	"अंधकारपूर्ण
"
andkarpuran	"अंधकारपूर्ण
"
andkarpurn	"अंधकारपूर्ण
"
andhata	"अंधता
"
andhataa	"अंधता
"
andhta	"अंधता
"
andhtaa	"अंधता
"
andhavishvas	"अंधविश्वास
"
andhvishvaas	"अंधविश्वास
"
andhvishwas	"अंधविश्वास
"
andhavishvason	"अंधविश्वासों
"
andhvishvaason	"अंधविश्वासों
"
andhvishvason	"अंधविश्वासों
"
andhvishwason	"अंधविश्वासों
"
andhadhundh	"अंधाधिंग
"
andhe	"अंधी
"
andhepan	"अंधेपन
"
empire	"एम्पायर
"
umpire	"उप्ायर
"
ambala	"अमबलाा
"
ambika	"अंबिका
"
ambedkar	"अंबेडकर
"
umbrella	"अंब्रेला
"
antargat	"अंतर्ता
"
antrgat	"अंतर्तर
"
antarrashtriya	"अंतरराष्ट्रीय
"
antarrashtriye	"अंतरराष्ट्रीय
"
antrastriy	"अंतर्षार्ट्यी
"
ansh	"अंश
"
anshakaalik	"अंशकालिक
"
anshakalik	"अंशकालिक
"
anshkaalik	"अंशकालिक
"
anshkalik	"अंशकालिक
"
anshat	"अंशत
"
ashan	"अशना
"
anshdhaarakon	"अंशधारकों
"
anshdharakon	"अंशधारकों
"
anshdharkon	"अंशधारकों
"
anshaavatar	"अंशावतार
"
anshavatar	"अंशावतार
"
anshavtar	"अंशावतार
"
anshi	"अंशी
"
anshon	"अंशों
"
ansal	"अंसल
"
ansari	"अंसारी
"
akbar	"अकरा
"
akabarpur	"अकबरपुर
"
akbarpur	"अकबरपुर
"
akbarabad	"अकबराबा
"
akarmanyata	"अकर्मण्यता
"
karmnyata	"कर््मान्या
"
akalera	"अकलेरा
"
aklera	"अकलेरा
"
akalpit	"अकल्पित
"
account	"अकांटे
"
accounting	"अकाउंटिंर
"
accountant	"अकांटें्र
"
akaatya	"अकाट्य
"
akaty	"अकाट्य
"
academic	"अकादमिक
"
akadamik	"अकादमिक
"
akaadami	"अकादमी
"
akadami	"अकादमी
"
academy	"अकादमीय
"
acedemy	"अकादेमी
"
akademi	"अकादेमी
"
akaar	"अकार
"
akar	"आकार
"
akaaran	"अकारी
"
akaran	"अकारण
"
akarbanic	"अकार्बनिक
"
akarbanik	"अकार्बनिक
"
akarbnik	"अकार्बनिक
"
akaal	"अकाल
"
akaalmrityu	"अकालमृत्या
"
akaalmrutyu	"अकालमृत्यो
"
akalmrityu	"अकालमृत्या
"
akali	"अकाली
"
akeeraa	"अकीरा
"
akira	"अक्रा
"
akushal	"अकुली
"
academy	"अकादमीय
"
akel	"अकेल
"
akela	"अकेला
"
akelaa	"अकेला
"
akelaapan	"अकेलापन
"
akelapan	"अकेलापन
"
akeli	"अकेली
"
akele	"अकेले
"
akelepan	"अकेलेपन
"
academy	"अकादमीय
"
akola	"अकाला
"
akkineni	"अक्कीनेनी
"
akkineni	"अक्कीनेनी
"
october	"अक्टूरी
"
october	"अक्टूरी
"
octomber	"अक्टूरी
"
akriyasheel	"अक्रियायी
"
akriyashil	"अक्रियायी
"
across	"अक्रसस
"
akl	"अक्ल
"
akla	"अकला
"
aksh	"अक्स
"
akshat	"अक्षत
"
aksham	"अक्षम
"
akshamataa	"अक्षमता
"
akshamta	"अक्षमता
"
akshay	"अक्षय
"
akshar	"अक्षर
"
aksharash	"अक्षर
"
aksharsh	"अक्षर
"
akshrash	"अक्षरी
"
aksharon	"अक्षरों
"
akshansh	"अक्षांष
"
ashansh	"अशाना
"
akshunn	"अक्षुं्ट
"
akshunna	"अक्षुन्र
"
aks	"अक्स
"
aksar	"अक्सर
"
aksaee	"अक्सान
"
aksai	"अक्सा
"
aksayi	"अक्सान
"
akhandata	"अखंडता
"
akhndta	"अखंडता
"
akharot	"अखरो
"
akhrot	"अखरो
"
akhabar	"अख़बार
"
akhbaar	"अख़बार
"
akhbar	"अख़बार
"
akhbaaron	"अख़बारों
"
akhbaron	"अख़बारों
"
akhaaraa	"अखाड़ा
"
akhada	"अखाड़ा
"
akhaade	"अखाड़े
"
akhade	"अखाड़े
"
akhilesh	"अखिलें
"
akhtar	"अख्तर
"
akhtayar	"अख्तियार
"
akhtiyar	"अख्तियार
"
agam	"आगम
"
agartala	"अगरतार
"
agarbattiyon	"अगरबत्तियों
"
agarbatti	"अगरबत्ती
"
agariya	"अगरिया
"
agriyaa	"अगरिया
"
agala	"अगला
"
agla	"अगला
"
agali	"अगली
"
agli	"अगली
"
agale	"अगले
"
agle	"अगले
"
agava	"अगाव
"
agawa	"अगाा
"
augustus	"अगस्टस
"
agastya	"अगस्त्य
"
agastyamuni	"अगस्त्यमांी
"
augustyamuni	"अगस्त्यमांड
"
agaadh	"अगाद
"
agadh	"अगाद
"
agaasi	"अगासी
"
agasi	"अगासी
"
agassi	"अगासी
"
aguvae	"अगुवान
"
aguvai	"अगुवान
"
aguvayi	"अगुवान
"
aguwai	"अगुवान
"
against	"अगेंस्ट
"
again	"अगेन
"
agaanshaye	"अग्नाया
"
agnashay	"अग्नाया
"
agnashaya	"अग्नाया
"
agani	"अग्ना
"
agni	"अग्नी
"
agnidev	"अग्निदां
"
agnimaandya	"अग्निमांद्य
"
agnimandya	"अग्निमांद्य
"
agnimangh	"अग्निमांद्य
"
agnishamak	"अग्निशान
"
agnishaman	"अग्निशान
"
agnisaar	"अग्निसार
"
agnisar	"अग्निसार
"
agnihotra	"अग्निहोत्र
"
agnihotri	"अग्निहोत्री
"
aganyaashay	"अग्न्याया
"
agnashay	"अग्नाया
"
agnyashay	"अग्न्याया
"
agragaami	"अग्रगामी
"
agragami	"अग्रगामी
"
agraj	"अग्री
"
agrani	"अग्रेा
"
agradoot	"अग्रदूत
"
agradut	"अग्रदूत
"
agrabhag	"अग्रभार
"
agrbhaag	"अग्रभार
"
aggarwal	"अग्रवाल
"
agraval	"अग्रवाल
"
agrawal	"अग्रवाल
"
agrasar	"अग्रसर
"
agrsar	"अग्रसर
"
agarsain	"अग्रसेन
"
agrasen	"अग्रसेन
"
agrsen	"अग्रसेन
"
agrahari	"अग्रहरी
"
agrahri	"अग्रहरी
"
agrahaye	"अग्राह्य
"
agrahy	"अग्राह्य
"
agrahya	"अग्राह्य
"
agrim	"अग्रिम
"
agrenji	"अग्रेंजी
"
angreji	"अग्रेजी
"
angrezi	"अग्रेजी
"
agrejon	"अग्रेजों
"
angrejon	"अग्रेजों
"
angrezon	"अग्रेजों
"
agreshit	"अग्रेषित
"
agreyshit	"अग्रेषित
"
agroha	"अग्रोहा
"
aghoriyon	"अगोरियों
"
achambhit	"अचंपित
"
achala	"अचला
"
achanak	"अचाना
"
achaar	"अचार
"
achar	"अचार
"
achin	"अचिन
"
achook	"अचूक
"
achuk	"अचूक
"
achet	"अचेत
"
ahet	"अहेत
"
achetan	"अचेतन
"
accha	"अच्छा
"
achcha	"अच्छा
"
achchha	"अच्छा
"
achchaee	"अच्छान
"
achchai	"अच्छान
"
achhai	"अच्छा
"
acche	"अच्छे
"
achchhe	"अच्छे
"
acha	"अचा
"
achha	"अचा
"
achhi	"अच्
"
achi	"अची
"
acchut	"अछूत
"
achhut	"अछूत
"
achut	"अछूत
"
achhuta	"अछूत
"
achuta	"अछूत
"
achyuta	"अच्युता
"
achhute	"अछूता
"
achhuute	"अछूता
"
achute	"अछूत
"
ajanta	"अजंता
"
ajagar	"अजगर
"
ajgar	"अजगर
"
ajnabiyon	"अजनबियों
"
sjnabiyon	"अजनबियों
"
ajnabee	"अजनबी
"
ajnabi	"अजनबी
"
ajanala	"अजनाला
"
ajnaala	"अजनाला
"
ajnala	"अजनाला
"
ajab	"अजा
"
ajamat	"अजमत
"
ajmat	"अजमत
"
azmat	"अजमत
"
ajamal	"अजमल
"
ajmal	"अजमल
"
ajmer	"अजमेर
"
ajmeri	"अजमेरी
"
ajai	"अजी
"
ajay	"अजय
"
ajayraj	"अजार्या
"
ajarbejaan	"अजरबेजान
"
ajarbejan	"अजरबेजान
"
ajraada	"अजराड़ा
"
ajrada	"अजराड़ा
"
ajrara	"अजराजात
"
ajava	"अजवा
"
ajva	"अजवा
"
ajwa	"अजवा
"
ajarbaijan	"अजरबेजान
"
azerbaijan	"अज़रबेजान
"
ajaan	"अजना
"
azan	"अजना
"
aziz	"अज़ीजा
"
ajaatshatru	"अजातशत्री
"
ajatshatru	"अजातशत्री
"
ajatshtru	"अजातशत्री
"
azaadshatru	"अजातशत्री
"
ajaayabaghar	"अजायबयर
"
ajayabaghar	"अजायबयर
"
ajayabghar	"अजायबर्
"
aji	"अजी
"
azi	"अजी
"
ajit	"अजीत
"
ajeeb	"अजीब
"
ajib	"अजीब
"
ajim	"अजीम
"
azim	"अजीम
"
ajooba	"अजूबा
"
ajuba	"अजूबा
"
ajoobon	"अजूबों
"
ajubon	"अजूबों
"
ajaivik	"अजीविक
"
agnatvas	"अग्नाववार
"
agyaatvaas	"अज्ञातवास
"
agyaatvas	"अज्ञातवास
"
agyatwas	"अज्ञातवास
"
agnan	"अग्नान
"
agyaan	"अज्ञान
"
agyan	"अज्ञान
"
agnanta	"अज्ञानता
"
agyaanata	"अज्ञानता
"
agyanta	"अज्ञानता
"
agney	"अग्नेय
"
agya	"अज्ञान
"
agyey	"अज्ञेय
"
akalen	"अकेलें
"
atkalen	"अटकलें
"
atal	"अटी
"
atlanta	"अटलांता
"
atlantic	"अटलांटिक
"
atoot	"अटुत
"
atut	"अटुत
"
attend	"अटेंड
"
attendance	"अटेंडेंट्ट
"
attendants	"अटेंडेंट्ट
"
attack	"अटीक
"
atharahvin	"अठारहवीं
"
attharahvi	"अठ्रावीीन
"
attharahvin	"अठ्रावीहीन
"
atarah	"अठार
"
athaarah	"अठारी
"
atharah	"अठार
"
athaarahavin	"अठारहवीं
"
atharahvin	"अठारहवीं
"
atharhavin	"अठारहवीं
"
adachanen	"अड़चनें
"
adchanen	"अड़चनें
"
adhchane	"अच्चनेय
"
adi	"आदी
"
adin	"अदिन
"
adlof	"अडोल्य
"
adolf	"अडोल्य
"
adda	"अड्या
"
anima	"अनिमा
"
anu	"अनी
"
anuon	"अनुया
"
antarashtriya	"अंतराष्ट्रीय
"
antarrashtriy	"अंतरराष्ट्रीय
"
antarrashtriya	"अंतरराष्ट्रीय
"
ata	"अता
"
ataa	"अता
"
ati	"अती
"
atiutsaah	"अतिस्तात
"
atiutsah	"अतिश््सा
"
atikraman	"अतिक्रमा
"
atithi	"अतिथी
"
atithiyon	"अतिथियों
"
atiprabhavit	"अतिप्रभावित
"
atiranjit	"अतिरंजित
"
atirikt	"अतिरिक्त
"
atirikta	"अतिरिक्त
"
ativadiyon	"अतिवादियों
"
ativishisht	"अतिविशिष्ट
"
ativishishta	"अतिविशिष्ट
"
ativrishti	"अतिवृष्टि
"
ativrushti	"अतिवृष्टि
"
atishay	"अतियय
"
atishy	"अतिया
"
atishayokti	"अतिशयोक्ति
"
atishyokti	"अतिशयोक्ति
"
atishighr	"अतिशीष्र
"
atishighra	"अतिशीर्त
"
atishigra	"अतिशीर्त
"
atishiyoktipurn	"अतिश्योक्तिपूर्ण
"
atishyoktipuran	"अतिश्योक्तिपूर्ण
"
atishyoktipurna	"अतिश्योक्तिपूर्ण
"
atisamvedansheel	"अतिसंवेदनशी
"
atisanvedansheel	"अतिसंवेदनशी
"
atisanvedanshil	"अतिसंवेदनशी
"
atisavendanshil	"अतिसंवेदनशी
"
atisaar	"अतिसार
"
atisar	"अतिसार
"
ateet	"आतीत
"
atit	"अतित
"
atul	"अतुल
"
atulneey	"अतुलनीन
"
atulniy	"अतुलनीय
"
atript	"अत्परता
"
atyant	"अत्यंत
"
atyadhik	"अत्याधिक
"
atyalp	"अत्याली
"
atyaachaar	"अत्याचार
"
atyachaar	"अत्याचार
"
atyachar	"अत्याचार
"
atyachari	"अत्याचारी
"
atyacharon	"अत्याचारों
"
atyadhik	"अत्याधिक
"
atyadhunik	"अत्याधुकिं
"
atyavashyak	"अत्यावश्यक
"
atyavshyak	"अत्यावश्यक
"
atri	"अत्री
"
atri	"अत्री
"
atre	"अत्री
"
atharvaveda	"अथर्ववेद
"
atharvved	"अथर्ववेद
"
athava	"अथाा
"
athva	"अथवा
"
atah	"अथा
"
athah	"अठान
"
athaiya	"अथाया
"
athority	"अथूर्टी
"
authority	"अथॉरिटी
"
adan	"अदान
"
adnaan	"अदनान
"
adnan	"अदनान
"
adanani	"अदनानी
"
adnaani	"अदनानी
"
adnani	"अदनानी
"
adbhut	"अद्भुत
"
adamy	"अदम्य
"
adamya	"अदम्य
"
adamye	"अदम्य
"
adar	"अदर
"
adarak	"अदरक
"
adrak	"अदरक
"
adla	"अदला
"
adlabadali	"अदलाबदली
"
adlabadli	"अदलाबदली
"
ada	"अदा
"
adaa	"अदा
"
adakaraon	"अदाकाराना
"
adakari	"अदाकारी
"
adaani	"अदानी
"
adani	"अदानी
"
adayagi	"अदायीय
"
adalat	"अदालत
"
adalati	"अदालती
"
adalti	"अदालती
"
adalatein	"अदालतें
"
adaltein	"अदालतें
"
adalten	"अदालतें
"
adalaton	"अदालतों
"
adalton	"अदालतों
"
aditi	"अदिता
"
adoor	"अदूर
"
adur	"अद्र
"
adoordarshita	"अदूरदर्शिता
"
adurdarshita	"अदूरदर्शिता
"
adashye	"आदेश्य
"
adrishy	"अद्रियी
"
adbhut	"अद्भुत
"
adbhud	"अद्दुय
"
adbhut	"अद्भुत
"
advitiya	"अद्वितिय
"
advitiye	"अद्वितिय
"
adhmara	"अधमरा
"
adhmra	"अधमरा
"
adharm	"अधररा
"
adhik	"अधिक
"
adhikata	"अधिकता
"
adhikta	"अधिकता
"
adhikar	"अधिकार
"
adhikaran	"अधिकार
"
adhikaranon	"अधिकारोंी
"
adhikaansh	"अधिकांश
"
adhikansh	"अधिकांश
"
adhikaanshat	"अधिकांश्त
"
adhikanshat	"अधिकांश्त
"
adhikanshtah	"अधिकांश्त
"
adhikaadhik	"अधिकाधिक
"
adhikadhik	"अधिकाधिक
"
adhikaar	"अधिकार
"
adhikar	"अधिकार
"
adhikaarkshetra	"अधिकारक्षेत्र
"
adhikarkshetra	"अधिकारक्षेत्र
"
adhikarsheter	"अधिकारक्षेत्र
"
adhikaarhin	"अधिकारहीन
"
adhikarheen	"अधिकारहीन
"
adhikarhin	"अधिकारहीन
"
adhikaarik	"आधिकारिक
"
adhikarik	"आधिकारिक
"
adhikaarita	"अधिकारिता
"
adhikarita	"अधिकारिता
"
adhikaariyo	"अधिकारियो
"
adhikariyo	"अधिकारियो
"
adhikaariyon	"अधिकारियों
"
adhikariyon	"अधिकारियों
"
adhikaari	"अधिकारी
"
adhikari	"अधिकार
"
adhikaariyon	"अधिकारियों
"
adhikariyon	"अधिकारियों
"
adhikaaron	"अधिकारों
"
adhikaron	"आधिकारों
"
adhikaashan	"अधिकाशं
"
adhikansh	"अधिकांश
"
adhikashan	"अधिकाशं
"
adhikrat	"अधिकृत
"
adhikrit	"अधिकृत
"
adhikrut	"अधिकृत
"
adhigam	"अधिगा
"
adhigrahit	"अधिग्रहीत
"
adhigruhit	"अधिग्रिता
"
adhigrahan	"अधिग्रही
"
adhigrahanon	"अधिग्रहहों
"
adhigrahit	"अधिग्रहीत
"
adhigrahit	"अधिग्रहीत
"
adhinav	"आधिना
"
adhinasth	"अधिनस्ट
"
adhinsth	"अधिनस्ट
"
adhinayakvadi	"अधिनायकवादी
"
adhinayakwadi	"अधिनायकवादी
"
adhiniyam	"अधिनियम
"
adhiniyamon	"अधिनियोंम
"
adhinirnay	"अधिनिर्यन
"
adhipati	"अधिपति
"
adhipatya	"अधिपत्य
"
adhibhar	"अधिभार
"
adhimar	"अधिरा
"
adhiya	"अधिया
"
adhirath	"अधिरत
"
adhiraj	"अधिरार
"
adhivakta	"अधिवक्ता
"
adhivasi	"अधिवासी
"
adhiwasi	"अधिवासी
"
adhiveshan	"अधिवेशन
"
adhidhesh	"अधिशेश
"
adhishesh	"अधिश्स
"
adhishtata	"अधिष्ताता
"
adhishthaata	"अधिष्ताता
"
adhishthata	"अधिष्ताता
"
adhishthaan	"अधिष्ठान
"
adhishthan	"अधिष्ठान
"
adhisoochna	"अधिसूचना
"
adhisuchna	"अधिसूचना
"
asdhisoochna	"अधिसूचना
"
adhisoochit	"अधिसूचित
"
adhisuchit	"अधिसूचित
"
adhisuuchit	"अधिसूचित
"
adhikshak	"अधिक्षक
"
adhigrahan	"अधिग्रही
"
adhikrahan	"अधिकारीन
"
adheen	"अधीन
"
adhiin	"अधीन
"
adhin	"अधीन
"
adhiinataa	"अधिनता
"
adhinata	"अधिनता
"
adhinta	"अधीनता
"
adhiinastha	"अधिनस्य
"
adhinasth	"अधिनस्ट
"
adhinsth	"अधिनस्ट
"
adheer	"अधीर
"
adhir	"अधीर
"
adheerta	"अधीरता
"
adhirata	"अधिरता
"
adhirta	"अधिरता
"
adhura	"अधूरा
"
adhuura	"अधूरा
"
adhoori	"अधूरी
"
adhuri	"अधूरी
"
adhoore	"अधूरी
"
adhur	"अधूरी
"
adhure	"अधूरा
"
adhyaksh	"अध्यक्ष
"
adhyaksha	"अध्यक्षा
"
adhyakshataa	"अध्यक्षता
"
adhyakshta	"अध्यक्षता
"
adhyaksha	"अध्यक्षा
"
adhyakshaa	"अध्यक्षा
"
adhshiya	"अध्यक्षी
"
adhyakshiy	"अध्यक्षिय
"
adhyakshiya	"अध्यक्षिय
"
adhyakshon	"अध्यक्षों
"
adhyan	"अध्या
"
adhyayan	"अध्ययन
"
adhyayankarta	"अध्ययनकर्ता
"
adhyayankrata	"अध्ययनकर्ता
"
adhyayansheel	"अध्ययनशील
"
adhyayanshil	"अध्ययनशील
"
adhyaynshil	"अध्ययनशील
"
adhyayanon	"अध्ययनों
"
adhyaynon	"अध्ययनों
"
adhyaatm	"अध्यात्म
"
adhyatm	"आध्यात्म
"
adhyatma	"अध्यात्म
"
adhyatmik	"आध्यात्मिक
"
adhyadesh	"अध्यादेश
"
adhyadeshon	"अध्यादेशों
"
adhyapak	"अध्यापक
"
adhyapakon	"अध्यापकों
"
adhyapkon	"अध्यापकों
"
adhyaapan	"अध्यापन
"
adhyapan	"अध्यापन
"
adhyapika	"अध्यापिका
"
adhyaay	"अध्याय
"
adhyay	"अध्याय
"
adhyaayon	"अध्यायों
"
adhyayon	"अध्यायों
"
adhyeta	"अध्येता
"
aadhyetaon	"आध्येताली
"
adhyetaon	"अध्येतावी
"
adhyaksh	"अध्यक्ष
"
adhyksh	"अध्य्क्स
"
adhyayan	"अध्ययन
"
adhyyan	"अध्य्यन
"
an	"अन
"
un	"ऊन
"
anantkal	"अनंतकाल
"
anantmool	"अनंतमोल
"
anantmul	"अनंतमल
"
ankahe	"अनकें
"
anginat	"अंगिनी
"
anagha	"अनाा
"
angha	"अनूा
"
anjaan	"अंजान
"
anjan	"अंजान
"
unjan	"उनजान
"
anjaana	"अंजाना
"
anjana	"अंजान
"
anjaani	"अंजानी
"
anjani	"अंजानी
"
anjane	"अंजानी
"
untold	"अंटोल्
"
andekha	"अंदेका
"
andekhi	"अंदेशी
"
anadhikrita	"अनधिकृत
"
andhikrit	"अंधिकृत
"
unknown	"अननों
"
unnone	"उनननन
"
ananya	"अनन्या
"
ananyaa	"अनन्या
"
anpadh	"अनपाद
"
anpekshit	"अनपेक्षित
"
unpeckshit	"अनपेक्षित
"
unfit	"अनफिट
"
anban	"अन्न
"
unbreakable	"अनब्रेके
"
anmol	"एनमले
"
unlawful	"अनलफलार
"
unlawfull	"अनलफलार
"
unlowfull	"अनलफफलो
"
anvar	"अनवर
"
anwar	"अनवर
"
anshan	"अनशन
"
ansuni	"अनसुना
"
ansulja	"अनसुलझा
"
ansuljha	"अनसुलझा
"
ansulaze	"अनसुलझा
"
ansuljhe	"अनसुलझे
"
ansuya	"अनसायों
"
anusuya	"अनुसया
"
anhad	"अनाद
"
unhad	"उन्ह
"
anachar	"अनाचार
"
anaaj	"अनाज
"
anaj	"अनाज
"
anaajon	"अनाजों
"
anajon	"अनाजों
"
anadipan	"अनादियान
"
anaath	"अनात
"
anath	"अनात
"
anathalay	"अनाथाला
"
anathalaya	"अनाथालय
"
anathalayon	"अनाथालयों
"
anathalyon	"अनाथालयों
"
anadar	"अनादर
"
anadi	"अनादी
"
anaam	"अनाम
"
anam	"अनाम
"
anamat	"अनाता
"
anamika	"अनामिका
"
anayas	"अनायास
"
anaar	"अनार
"
anar	"अनार
"
anarkali	"अनारकला
"
anarakshit	"अनारक्षित
"
anarkshit	"अनारक्षित
"
anarwala	"अनारवाला
"
anaavaran	"अनावरा
"
anavaran	"अनावरण
"
anaavrishti	"अनावृष्टि
"
anavrishti	"अनावृष्टि
"
anavrushti	"अनावृष्टि
"
anaastaasiya	"अनास्तासिया
"
anaastasiya	"अनास्तासिया
"
anastasia	"अनास्तासिया
"
anastasiya	"अनास्तासिया
"
anicha	"अनिच्छा
"
anichcha	"अनिच्छा
"
anichchhit	"अनिच्छित
"
anichchit	"अनिच्छित
"
anichit	"अनिच्छित
"
anichchhuk	"अनिच्छुक
"
anichhuk	"अनिच्छुक
"
anichukh	"अनिच्छुक
"
anita	"अनिता
"
anitya	"अनित्य
"
anidra	"अनिद्रा
"
anima	"अनिमा
"
aniyantrit	"अनियंत्रित
"
aniyamit	"अनियमित
"
aniyamitata	"अनियमितता
"
aniyamitta	"अनियमितता
"
aniruddh	"अनिरुद्य
"
anirnit	"अनिर्तित
"
anil	"एनिल
"
anivarya	"अनिवार्य
"
anivaryata	"अनिवार्यता
"
anivaryataon	"अनिवार्यताां
"
anishchay	"अनिश्चा
"
anishchit	"अनिश्चित
"
anishchita	"अनिश्चित
"
anita	"अनिता
"
aneesh	"अनेश
"
anish	"अनीय
"
anu	"अनी
"
anukaran	"अनुकरा
"
anukarneeya	"अनुकरणीय
"
anukarniy	"अनुकरणीय
"
anukarniya	"अनुकरणीय
"
anukalp	"अनुकल्य
"
anukulan	"अनुकूलन
"
anukrit	"अनुकृति
"
anukriti	"अनुकृति
"
anukruti	"अनुकृति
"
anukram	"अनुक्रा
"
anugaman	"अनुगाना
"
anugami	"अनुगाम
"
anugrah	"अनुगार
"
anuchchhed	"अनुच्छेद
"
anuchhed	"अनुच्छेद
"
anuchchhedon	"अनुच्छेदों
"
anuchhedon	"अनुच्छेदों
"
anuj	"अनुर
"
anudnyapti	"अनुद्यतिता
"
anugyapti	"अनुज्ञप्ति
"
anutha	"अनुता
"
anuttarit	"अनुत्तरित
"
anuttrit	"अनुत्तरित
"
anutpadak	"अनुत्पादक
"
anudan	"अनुदान
"
anudanit	"अनुदानित
"
anudanon	"अनुदानों
"
anudarvadi	"अनुदारवादी
"
anudarwadi	"अनुदारवादी
"
anudesh	"अनुदेश
"
anudeshak	"अनुदेशक
"
anudeshakon	"अनुदेशकों
"
anudeshon	"अनुदेशों
"
anudeshoon	"अनुदेशों
"
anunay	"अनुनय
"
anunya	"अनुयन
"
anup	"अनुप
"
anupam	"अनुपम
"
anupayukt	"अनुपयुक्त
"
anupyukta	"अनुपयुक्त
"
anupyuktha	"अनुपयुक्त
"
anupayogi	"अनुपयोगी
"
anupyogee	"अनुपयोगी
"
anupalabdh	"अनुपलब्य
"
anuplabdh	"अनुपलब्ट
"
anupasthit	"अनुपस्थित
"
anupasthiti	"अनुपस्थित
"
anupsthitha	"अनुपस्थित
"
anupasthiti	"अनुपस्थित
"
anupsthiti	"अनुपस्थित
"
anupat	"अनुपात
"
anupatheen	"अनुपातहीन
"
anupathheen	"अनुपातहीन
"
anupathin	"अनुपातहीन
"
anupalan	"अनुपालन
"
anupalna	"अनुपालन
"
anupoorak	"अनुपूरक
"
anupurak	"अनुपूरक
"
anupraanit	"अनुप्रातिं
"
anupranit	"अनुप्रािित
"
anubandh	"अनुबंध
"
anubandha	"अनुबंध
"
anubandhit	"अनुबंधित
"
anibandhon	"अनुबंधिं
"
anubandhon	"अनुबंधों
"
anubhav	"अनुभा
"
anubhavahinataa	"अनुभवहीनता
"
anubhavhinata	"अनुभवहीनता
"
anubhavhinta	"अनुभवहीनता
"
anibhavi	"अनिभी
"
anubhavi	"अनुभवी
"
anubhavon	"अनुभवों
"
anubha	"अनुभा
"
anubhaa	"अनुभा
"
anubhaag	"अनुभार
"
anubhag	"अनुभार
"
anubhaagon	"अनुभागों
"
anubhagon	"अनुभागों
"
anubhoot	"अनुभूत
"
anubhut	"अनुभूत
"
anubhooti	"अनुभूति
"
anubhuti	"अनुभूति
"
anubhootiyon	"अनुभूतियों
"
anubhutiyon	"अनुभूतियों
"
anumandal	"अनुमंड़
"
anumat	"अनुमत
"
anumati	"अनुमति
"
anumatiyon	"अनुमतियों
"
anumaan	"अनुमान
"
anuman	"अनुमान
"
anumaanat	"अनुमानत
"
anumanat	"अनुमानत
"
anumaanit	"अनुमानित
"
anumanit	"अनुमानित
"
anumaanon	"अनुमानों
"
anumanon	"अनुमानों
"
anumodan	"अनुमोंड
"
anumodit	"अनुमोदित
"
anuyaayion	"अनुयायियों
"
anuyayiyon	"अनुयायियों
"
anuyaayiyon	"अनुयायियों
"
anuyayiyon	"अनुयायियों
"
anuyaayi	"अनुयायी
"
anuyayi	"अनुयायी
"
anuraag	"अनुरार
"
anurag	"अनुरार
"
anuradha	"अनुराधा
"
anuroop	"अनुरूत
"
anurup	"अनुरूप
"
anuroopta	"अनुरूपता
"
anurupataa	"अनुरूपता
"
anurupta	"अनुरूपता
"
anurodh	"अनुरोध
"
anurodhon	"अनुरोधों
"
anuvaanshik	"अनुवांशिक
"
anuwanshik	"अनुवांशिक
"
anivaanshiki	"अनुवांशिका
"
anuwanshiki	"अनुवांशिकत
"
anuvaadak	"अनुवादक
"
anuvadak	"अनुवादक
"
anuwadak	"अनुवादक
"
anuvaadakon	"अनुवादकों
"
anuvadakon	"अनुवादकों
"
anuvadkon	"अनुवादकों
"
anushansa	"अनुशंसा
"
anushansaa	"अनुशंसा
"
anushansaaon	"अनुशंसाओं
"
anushansaon	"अनुशंसाओं
"
anushnsaon	"अनुशंसानी
"
anushaasan	"अनुशासन
"
anushasan	"अनुशासन
"
anushasit	"अनुशासित
"
anushilan	"अनुशीलन
"
anushravan	"अनुश्रवन
"
anushangi	"अनुशंगी
"
anushka	"अनुश्क
"
anushthan	"अनुष्तान
"
anushthanon	"अनुष्ठानों
"
anusandhan	"अनुसंधान
"
anusandhankartaon	"अनुसंधानकर्तान
"
anusandhankthoon	"अनुसंधानकर्तान
"
anusandhano	"अनुसंधानों
"
anusandhanon	"अनुसंधानों
"
anusamarthan	"अनुसमर्थन
"
anusamrthan	"अनुसमर्थन
"
anusmarthan	"अनुसमर्थन
"
anusar	"अनुसार
"
anusar	"अनुसार
"
anusuchit	"अनुसूचित
"
anusuchiyon	"अनुसूचियों
"
anusushiyon	"अनुसूचियों
"
anusuchi	"अनुसूची
"
anutha	"अनुता
"
anuthe	"अनुता
"
anoop	"अनूप
"
anup	"अनुप
"
anoopgarh	"अनूपगर
"
anupgadh	"अनुपूल
"
anupgarh	"अनुपगर
"
anooppur	"अनूपपुर
"
anuppur	"अनुपूर्
"
anoopshahar	"अनूपशरा
"
anupshahar	"अनुपश्री
"
anek	"अनेक
"
anekanek	"अनेकानेक
"
anekon	"अनेकों
"
anaitik	"अनितिक
"
annaitik	"अनंतिक
"
anokha	"अनोंत
"
anokhi	"अनोखी
"
anokhe	"अनोखे
"
anokhey	"अनोखे
"
anokhepan	"अनोखेना
"
anaupcharik	"अनुचपारिक
"
anopcharik	"अनुपकारिक
"
ann	"अन्न
"
annat	"अन्तन
"
annt	"अन्तन
"
anna	"अन्ना
"
annamalaee	"अन्नामलान
"
annamalai	"अन्नामलान
"
annamlai	"अन्नामलाल
"
annu	"अन्ना
"
anay	"अन्य
"
anya	"अन्य
"
anyatam	"अन्यतम
"
anytam	"अन्यता
"
anyatha	"अन्यात
"
anyaany	"अन्यान्य
"
anyanya	"अन्यान्य
"
anyayapurn	"अन्यायपूर्ण
"
anyaypoorn	"अन्यायपूर्ण
"
anyaypuran	"अन्यायपूर्ण
"
anyon	"अन्यों
"
anveshak	"अन्वेशक
"
anveshan	"अन्वें
"
up	"उा
"
apang	"अपनर
"
apanjikrit	"अपंजीकृत
"
apanjikrut	"अपंजीकृत
"
upgrade	"अपग्रेश
"
apchan	"अपान
"
update	"अपडेट
"
updated	"अपडेटें
"
apatatiy	"अपतटीय
"
apattiy	"अपत्यी
"
apattiya	"अपतटीय
"
apdasth	"अपदस्ट
"
apana	"अपना
"
apna	"अपना
"
apani	"अपनान
"
apnai	"अपनान
"
apnayi	"अपनाया
"
apnakar	"अपनाकर
"
apnata	"अपनाता
"
apnati	"अपनाती
"
apnaate	"अपनाता
"
apnate	"अपनाते
"
apnane	"अपनाने
"
apnaya	"अपनाया
"
apnai	"अपनान
"
apnayi	"अपनाया
"
apni	"अपनी
"
apne	"अपने
"
apaneaap	"अपनेें
"
apneaap	"अपनेें
"
apne	"अपने
"
apney	"अपनें
"
apbhransh	"अपभ्रशन
"
apbramsh	"अपर्पटर
"
apmaan	"अपमान
"
apman	"अपमान
"
apmaanjanak	"अपमानजनक
"
apmanjanak	"अपमानजनक
"
apmanit	"अपमानित
"
apar	"अपरा
"
uppar	"अपरा
"
aparampaar	"अपरापार
"
aparanpaar	"अपरंपार
"
apranpar	"अपरंपार
"
apardan	"अपरान
"
apara	"अपरा
"
apra	"अपरा
"
aparajit	"अपराजित
"
aparajit	"अपराजित
"
aparajita	"अपराजिता
"
apraadh	"अपराध
"
apradh	"अपराध
"
aparadhbodh	"अपराधबोध
"
apraadhbodh	"अपराधबोल
"
apradhbodh	"अपराधबोध
"
aparadhmukt	"अपराधमुक्त
"
apraadhamukta	"अपराधमुक्त
"
apraadhmukt	"अपराधमुक्त
"
apradhamukta	"अपराधमुक्त
"
aparadhik	"अपराधिक
"
apraadhik	"अपराधिक
"
apradhik	"अपराधिक
"
apraadhiyon	"अपराधियों
"
apradhiyon	"अपराधियों
"
apraadhi	"अपराधी
"
apradhi	"अपराधी
"
aparadhon	"अपराधों
"
apraadhon	"अपराधों
"
apradhon	"अपराधों
"
aparigrah	"अपरिग्री
"
aparichit	"अपरिकित
"
aparipakk	"अपरिपक्स
"
aparipakv	"अपरिपक्स
"
aparipakkta	"अपरिपक्तात
"
aparipakvata	"अपरिपक्ताा
"
aparibhashit	"अपरिभाषित
"
apribhashit	"अपरिभाषित
"
aparimit	"अपरिमित
"
aparimiti	"अपरिमित
"
aparimey	"अपरिमेय
"
aparimeye	"अपरिमेय
"
aprimey	"अपरिमिय
"
aparivartaneye	"अपरिवर्तनीय
"
aparivartaniy	"अपरिवर्तिना
"
aparivartit	"अपरिवर्तित
"
aparishkrit	"अपरिष्कृत
"
aparishkrut	"अपरिष्कृत
"
aprishkrat	"अपरिष्कृत
"
aproksh	"अपरोक्स
"
aparna	"अपर्ाा
"
aprna	"अपर्रा
"
apryapt	"अप्रयात्य
"
apyarapt	"अपर्याप्त
"
upload	"उपलों
"
apvad	"अपवाद
"
apvadon	"अपवादों
"
apvah	"अपवा
"
aapavitr	"आपवित्र
"
apavitr	"अपवित्र
"
apvitr	"अपवित्र
"
apvyay	"अपव्या
"
apshisht	"अपशिष्ट
"
upset	"अपस्ट
"
apaharan	"अपहरा
"
apharan	"अपहरा
"
apaharankarta	"अपहरणकर्ता
"
apharankarta	"अपहरणकर्ता
"
apharankrta	"अपहरणकर्ता
"
apache	"अपाें
"
apaar	"अपार
"
apar	"अपरा
"
apartment	"अपार्टमेंट
"
apartments	"अपार्टमेंट्स
"
apitu	"अपिती
"
apil	"अपील
"
appeal	"अपील
"
apilkarta	"अपीलकर्ता
"
appealkarta	"अपीलकर्ता
"
appealkartaa	"अपीलकर्ता
"
apusht	"अपुष्ट
"
apoorna	"अपूर्ण
"
apuran	"अपूर्ण
"
apurn	"अपूर्ण
"
apurna	"अपूर्ण
"
apoorv	"अपूर्
"
apoorva	"अपूर्व
"
apurv	"अपूर्व
"
apurva	"अपूर्व
"
apeksha	"अपेक्षा
"
apekshaa	"अपेक्षा
"
apekshaaon	"अपेक्षांग
"
apekshaon	"अपेक्षांी
"
apekshakrit	"अपेक्षाकृत
"
apekshakrta	"अपेक्षाकृत
"
apekshit	"अपेक्षित
"
apen	"अपेे
"
appointment	"अपनट्टेंड़ा
"
employment	"एम्पायें
"
opposite	"अप्टिंग
"
apollo	"अपलोल
"
apolo	"अपूल
"
opton	"अप्टों
"
uptawn	"अप्टिन
"
upton	"अप्टिन
"
uptone	"अप्टने
"
appam	"अप्पा
"
appar	"अप्पर
"
upper	"अप्री
"
appa	"अप्पा
"
appaa	"अप्पा
"
aprakashit	"अप्रकाशित
"
aprachalit	"अप्रचलित
"
apratim	"अप्रतिक
"
apratyaksh	"अप्रत्यक्ष
"
apratyashit	"अप्रत्याशित
"
pratyashit	"अप्रत्याशित
"
apradhan	"अपराधि
"
aprabhavit	"अप्रभावित
"
prabhavit	"अप्रभावित
"
aprabhavi	"अप्रभावी
"
apramanik	"अप्रामानिक
"
apramanit	"अप्रमानित
"
apravasiyon	"अप्रवासियों
"
aprawasiyon	"अप्रवासियों
"
apravasi	"अप्रवासी
"
aprawasi	"अप्रवासी
"
aprashikshit	"अप्रशिक्षित
"
aprshikshit	"अप्रशिक्षित
"
aprasann	"अप्रसन्न
"
aprasanna	"अप्रसन्न
"
aprakratik	"अप्राकृतिक
"
aprakritik	"अप्राकृतिक
"
aprakrtik	"अप्राकृतिक
"
aprapya	"अप्राप्य
"
apramanik	"अप्रामानिक
"
aprasangik	"अप्रासंगिक
"
apriy	"अप्रिय
"
apriya	"अप्रिय
"
april	"अप्री
"
applied	"अप्लाया
"
apployed	"अप्लायों
"
application	"अप्लिकेंन
"
aps	"अप्स
"
apsara	"अप्सरा
"
apsra	"अप्सरा
"
apsarao	"अप्सरान
"
apsraon	"अप्सरानी
"
afjaal	"अफजाल
"
afjal	"अफजाल
"
afzal	"अफजाल
"
aftaab	"अफताय
"
aftab	"अफताय
"
aflatoon	"अफलातुन
"
aflatun	"अफलातुन
"
afvah	"अफवाह
"
afwah	"अफवाह
"
afvahon	"अफवाहों
"
afwahon	"अफवाहों
"
afsar	"अफसर
"
afsarshahi	"अफसरशाजी
"
afsaron	"अफसरों
"
afganistan	"अफ़गानिस्तान
"
afghanistan	"अफ़गानिस्तान
"
afgami	"अफ़गानी
"
afghani	"अफ़गानी
"
afgaanon	"अफ़गानों
"
afganon	"अफ़गानों
"
afghanon	"अफ़गानों
"
afeem	"अफीम
"
afim	"अफीम
"
afair	"अफेयर
"
affair	"अफेयर
"
affairs	"अफेयर्स
"
africa	"अफ्रीका
"
african	"अफ्रीकन
"
afriki	"अफ्रीकी
"
aab	"आब
"
ab	"अबी
"
about	"अबूत
"
ababeel	"अबाबेल
"
ababil	"अबाबील
"
abu	"अबी
"
abe	"अबे
"
abohar	"अबारा
"
abd	"अब्द
"
abdali	"अब्दाली
"
abdur	"अब्दुर
"
abdul	"अब्दुल
"
abdula	"अब्दुला
"
abdulla	"अब्दुल्ला
"
abraaham	"अब्राहा
"
abraham	"अब्राहा
"
abhadrata	"अभद्रता
"
abhadrataa	"अभद्रता
"
abhdrata	"अभद्रता
"
abhay	"अया
"
abhayarany	"अभयारण्य
"
abhayarnya	"अभयारण्य
"
abhage	"अभागे
"
abhav	"आभाव
"
abhikaran	"अभिकरण
"
abhikartaon	"अभिकर्तानी
"
abhikalpana	"अभिकल्पना
"
abhikalpna	"अभिकल्पना
"
abhikriya	"अभिक्रिया
"
abhikriyaon	"अभिक्रियाया
"
abhikriyaoun	"अभिक्रियायों
"
abhijaat	"अभिजात
"
abhijat	"अभिजात
"
abhijath	"अभिजाता
"
abhijathya	"अभिजात्य
"
abhijaty	"अभिजात्य
"
abhijatya	"अभिजात्य
"
abhigyaan	"अभिज्ञान
"
abhigyan	"अभिज्ञान
"
abhidha	"अभिदा
"
abhinandan	"अभिनेंन
"
abhinay	"अभिना
"
abhinayon	"अभिनयों
"
abhinyon	"अभिनयों
"
abhinav	"अभिना
"
abhinit	"अभिनीत
"
abhineta	"अभिनेता
"
abhinetaon	"अभिनेताने
"
abhinetriyon	"अभिनेत्रियों
"
abhinetri	"अभिनेत्री
"
abhiney	"अभिनेय
"
abhinn	"अभिनन
"
abhipray	"अभिप्राय
"
abhipret	"अभिप्रेत
"
abhiprerit	"अभिप्रेरित
"
abhibhavak	"अभिभावा
"
abhibhavakon	"अभिभावकों
"
abhibhashak	"अभिभासी
"
abhibhashan	"अभिभासन
"
abhibhoot	"अभिभूत
"
abhibhut	"अभिभूत
"
abhimanyu	"अभिमंयान
"
abhimaan	"अभिमान
"
abhiman	"अभिमान
"
abhimani	"अभिमानी
"
abhiyanta	"अभियात्त
"
abiyanta	"अभियंता
"
abhiyantran	"अभियात्रणा
"
abhiyaantriki	"अभियांत्रिक
"
abhiyantriki	"अभियांत्रिक
"
abhiyan	"अभियान
"
abhiyanon	"अभियानों
"
abhiyukt	"अभियुक्त
"
abhiyukton	"अभियुक्तों
"
abhiyog	"अभियों
"
abhiyojak	"अभियोका
"
abhiyojan	"अभियोजन
"
abhiruchi	"अभिरुची
"
abhilasha	"अभिलाया
"
abhilekh	"अभिलेय
"
abhilekhaagaar	"अभिलेखाया
"
abhilekhagaar	"अभिलेखाया
"
abhilekhagar	"अभिलेखायर
"
aabhilekhiy	"अभिलेखीय
"
abhilekhiy	"अभिलेखीय
"
abhilekhiya	"अभिलेखिय
"
abhilekhon	"अभिलेखें
"
abhivaadan	"अभिवादन
"
abhivadan	"अभिवादन
"
abhivinyas	"अभिविन्यास
"
abhivriddhi	"अभिवृद्धि
"
abhivridhi	"अभिवृद्थी
"
abhivruddhi	"अभिवृद्धि
"
abhivedan	"अभिवेदन
"
abhivyakt	"अभिव्यक्त
"
abhivyakti	"अभिव्यक्ति
"
abhivyaktiyan	"अभिव्यक्तियां
"
abhivyaktiyon	"अभिव्यक्तियां
"
abhishapt	"अभिपस्त
"
abhishek	"अभिष्स
"
abhisaran	"अभिसर्
"
abhisinchit	"अभिसिंतिक
"
abhihit	"अभिहित
"
abhipsa	"अभिप्सा
"
abhisht	"अभिष्ट
"
abhisth	"अभिष्ट
"
abhukt	"अभुक्त
"
abhutpoorv	"अभूतपूर्व
"
abhutpurv	"अभूतपूर्ट
"
abhedhya	"अभेद्य
"
abhedy	"अभेद्य
"
abhyankar	"अभ्यंकर
"
abhyast	"अभ्यस्त
"
abhyasta	"अभ्यस्त
"
abhyasth	"अभ्यस्त
"
abhyarany	"अभ्यारण्य
"
abhyarnya	"अभ्यारण्य
"
abhyavedan	"अभ्यावेदन
"
abhyas	"अभ्यास
"
abhyason	"अभ्यास्ं
"
abhyuday	"अभ्यददी
"
abhyudya	"अभ्यददी
"
amjad	"अमजी
"
aman	"अमान
"
amanaur	"अमनार
"
amnaur	"अमनरन
"
amar	"अमर
"
amarkantak	"अमरकांक
"
amarkant	"अमरकां
"
amarkanth	"अमरकांत
"
amarchand	"अमरकां
"
amardaas	"अमरदास
"
amardas	"अमरदास
"
amarnaath	"अमरनां
"
amarnath	"अमरनात
"
amarpura	"अमरापुर
"
amrpura	"अमरपुरा
"
amarapurkar	"अमरापुरकर
"
amrapurkar	"अमरापुरकर
"
amravati	"अमरावती
"
amrawati	"अमरावती
"
amreek	"अमरीक
"
amric	"अमरीक
"
amrik	"अमरीक
"
american	"अमरीकन
"
amrikan	"अमरीकन
"
americi	"अमरीकी
"
ameriki	"अमरीकी
"
amriki	"अमरीकी
"
amreesh	"अमरीय
"
amrish	"अमरीय
"
amrendr	"अमरेंद्र
"
amrendra	"अमरेंद्र
"
amreli	"अमरेली
"
amroha	"अमरोगा
"
amal	"अमल
"
amalapuram	"अमलापुरम
"
amlapur	"अमलापुरा
"
amlapuram	"अमलापुरम
"
amaant	"अमांत
"
amant	"अमांत
"
amanth	"अमांत
"
amaunt	"अमातंत
"
amount	"अमानों
"
amaatye	"अमात्य
"
amatya	"अमात्य
"
amaan	"अमान
"
aman	"अमान
"
amaanviya	"अमानवीय
"
amanviy	"अमानवीय
"
amanviya	"अमानवीय
"
amaanviyata	"अमानवीयता
"
amanviyata	"अमानवीयता
"
amanviyta	"अमानवीयता
"
amanviytha	"अमानवीयता
"
amaanullah	"अमानुल्ला
"
amanulla	"अमानुल्ला
"
amanullah	"अमानुल्ला
"
amanushik	"अमानुसिक
"
amany	"अमान्य
"
amanya	"अमान्य
"
amit	"एमित
"
amitabh	"अमिताा
"
amila	"अमिला
"
ameen	"अमीन
"
amin	"अमीन
"
ameeno	"अमीने
"
amino	"अमीनी
"
ameoba	"अमीबा
"
amiba	"अमीबा
"
amoeba	"अमीबा
"
amir	"अमीर
"
amiraat	"अमीरात
"
amirat	"अमीरात
"
amiri	"अमीरी
"
amiron	"अमीरों
"
amuman	"अमूमन
"
amur	"अमूर
"
amuly	"अमूल्य
"
amulya	"अमूल्य
"
amrat	"अमरत
"
amrit	"अमृत
"
amrut	"अमृत
"
amruth	"अमृत
"
amritpan	"अमृतपान
"
amruthpan	"अमृतपान
"
amrutpan	"अमृतपान
"
amritlal	"अमृतलाल
"
amrutlal	"अमृतलाल
"
amritvani	"अमृतवानी
"
amritwani	"अमृतवानी
"
amritsar	"अमृतिर
"
amrita	"अमृता
"
amruta	"अमृता
"
amethi	"अमेती
"
american	"अमरीकन
"
america	"अमरीकी
"
amerikiyon	"अमेरिकियों
"
americi	"अमरीकी
"
ameriki	"अमरीकी
"
ammonium	"अमोनिया
"
ammounium	"अमोनियम
"
ammonia	"अमोनिया
"
ammoniya	"अमोनिया
"
amoniyaa	"अमोनिया
"
aamol	"आमोल
"
ammol	"अमों
"
amol	"अमोल
"
amaora	"अमरोा
"
amaura	"अमूरा
"
amora	"अमरोा
"
amoura	"अमूरा
"
amma	"अम्मा
"
ammaa	"अम्मा
"
amaan	"अमान
"
ammaan	"अम्मान
"
amman	"अम्मान
"
ammaal	"अम्माल
"
ammal	"अम्माल
"
amal	"अमल
"
aml	"अम्ल
"
amla	"अम्ल
"
amleey	"अम्लीय
"
amliy	"अम्लीय
"
amleeytaa	"अम्लीयता
"
amliyata	"अम्लीयता
"
amliyataa	"अम्लीयता
"
amliyta	"अम्लीयता
"
amlo	"अम्लों
"
amlon	"अम्लों
"
ayan	"अयान
"
ayn	"अयन
"
ayanaansh	"अयनांश
"
ayanash	"अयनांस
"
ayansh	"अयनांस
"
ayask	"अयस्क
"
aysak	"अयस्क
"
aysk	"अयस्क
"
ayaaj	"अयाज
"
ayaaz	"अयाजा
"
ayaj	"अयाज
"
ayaz	"अयाज
"
ayaaj	"अयाज
"
ayaaz	"अयाजा
"
ayaz	"अयाज
"
ayaan	"अयान
"
ayan	"अयान
"
aayube	"आयुय
"
ayub	"अयूत
"
ayube	"अयूत
"
ayog	"अयोग
"
ayogh	"अयोग
"
ayoghae	"अयोग्य
"
ayoghaye	"अयोग्या
"
ayogy	"अयोग्य
"
ayogya	"अयोग्य
"
ayoghaeta	"अयोग्यता
"
ayoghayeta	"अयोग्यता
"
ayogyataa	"अयोग्यता
"
ayogyta	"अयोग्यता
"
ayogytaa	"अयोग्यता
"
aayojit	"आयोजित
"
ayojet	"अयोजित
"
ayojit	"अयोजित
"
ayodhya	"अयोध्या
"
ayodhyaa	"अयोध्या
"
ayonej	"अयोनिय
"
ayonij	"अयोनिय
"
ayyadhurai	"अय्यदुरी
"
ayyadhurei	"अय्यदुरी
"
ayyadurai	"अय्यदुरी
"
ayeappa	"अय्यप्पा
"
ayyappa	"अय्यप्पा
"
ayyar	"अय्यर
"
ayyer	"अय्यर
"
ayyr	"अय्यर
"
ayyaash	"अय्यास
"
ayyash	"अय्यास
"
ayyaashi	"अय्यासी
"
ayyashee	"अय्यासी
"
ayyashi	"अय्यासी
"
arnab	"अरना
"
arnav	"अरने
"
arab	"अरी
"
araba	"अरा
"
arabapati	"अरबपति
"
arabpati	"अरबपति
"
arabi	"अरबी
"
arbi	"अरबी
"
arabaon	"अरबों
"
arabon	"अरबों
"
arbon	"अरबों
"
aramaan	"अरमान
"
araman	"अरमान
"
arman	"अरमान
"
aramani	"अरमानी
"
armaani	"अरमानी
"
armani	"अरमानी
"
arva	"अरवा
"
arvaa	"अरवा
"
aravind	"अरविंी
"
arvind	"अरविंी
"
arshad	"अरशा
"
arshd	"अरशद
"
arahar	"अरार
"
arhar	"अर्र
"
araajakataa	"अराजकता
"
arajakata	"अराजकता
"
arajakta	"अराजकता
"
araajaktawadi	"अराजकतावादी
"
arajaktavadi	"अराजकतावादी
"
arajkataavadi	"अराजकतावादी
"
arafat	"अरासात
"
aravali	"अरावली
"
aravalli	"अरावली
"
aravli	"अरावली
"
arenjay	"अरिंजी
"
arinjay	"अरिंजा
"
arinjaya	"अरिज्या
"
arijeet	"अरिजीत
"
arijit	"अरिजीत
"
arisht	"अरिष्ट
"
arishta	"अरिष्ट
"
arist	"अरिष्ट
"
arehant	"अरिहता
"
arihant	"अरिहता
"
aruchi	"अरुची
"
aruchikar	"अरुचिकर
"
aruna	"अरूना
"
arunachal	"अरुणाना
"
arun	"अरुर
"
arunachal	"अरुणाना
"
are	"आरे
"
arey	"आरे
"
arabic	"अरेबिक
"
arebik	"अरेबिक
"
arera	"अरेरा
"
areraa	"अरेरा
"
areraaj	"अरेराज
"
areraaz	"अरेराज
"
areraj	"अरेराज
"
aroda	"अरोड़ा
"
arora	"अरोगान
"
ark	"आर्स
"
arcadia	"आर्काडिया
"
archadiya	"अर्काधिया
"
arkaadia	"आर्काडिया
"
archana	"अर्चना
"
archanaa	"अर्चना
"
archna	"अर्चना
"
arijit	"अरिजीत
"
arjit	"अर्जित
"
argentina	"अर्जेंटीना
"
arthkaree	"अर्थकरी
"
arthkari	"अर्थकरी
"
arthapurna	"अर्थपूर्ण
"
arthpoorn	"अर्थपूर्ट
"
arthpurn	"अर्थपूर्ण
"
arthavyavastha	"अर्थव्यवस्था
"
arthvyavastha	"अर्थव्यवस्था
"
arthvyavstha	"अर्थव्यवस्था
"
arthvyvastha	"अर्थव्यवस्था
"
arthavyavasthaon	"अर्थव्यवस्थां
"
arthvyavasthaon	"अर्थव्यवस्थां
"
arthvyvashthaon	"अर्थव्यवस्थां
"
arthashastra	"अर्थशास्त्र
"
arthshastr	"अर्थशास्त्र
"
arthshastra	"अर्थशास्त्र
"
arthashastriyon	"अर्थशास्त्रियों
"
arthshastriyon	"अर्थशास्त्रियों
"
arthashastri	"अर्थशास्त्री
"
arthshastri	"अर्थशास्त्री
"
arthahin	"अर्थहीन
"
arthheen	"अर्थहीन
"
arthhin	"अर्थहीन
"
arthaat	"अर्थात
"
arthart	"अर्थात
"
arthat	"अर्थात
"
arthart	"अर्थात
"
arthat	"अर्थात
"
arddh	"अर्द्
"
arddha	"अर्द्
"
arddhasarakaaree	"अर्द्धसरकारी
"
arddhasarakari	"अर्द्धसरकारी
"
arddhsarkari	"अर्द्धसरकारी
"
arddhasainik	"अर्द्धसैनिक
"
arddhsainik	"अर्द्धसिनिक
"
ardhsainik	"अर्द्धसिनिक
"
arddh	"अर्द्
"
ardh	"अर्ध
"
ardha	"अर्ध
"
ardhachandra	"अर्धचंद्र
"
ardhchandr	"अर्धचंद्र
"
ardhchandra	"अर्धचंद्र
"
ardhavarshik	"अर्धवार्षिक
"
ardhvaarshik	"अर्धवार्षिक
"
earn	"एरन
"
urn	"उर्न
"
earnest	"अर्नेस्ट
"
ernest	"एर्नेस्ट
"
arpan	"अर्पन
"
early	"एर्ली
"
arshi	"अर्शी
"
arse	"अर्सी
"
arh	"अर्य
"
arha	"अर्य
"
arhata	"अर्हता
"
arhta	"अर्थात
"
alankaran	"अलंकरण
"
alankarana	"अलंकरण
"
alankarna	"अलंकरण
"
alnkarn	"अलंकरण
"
alankaranon	"अलंकरणों
"
alankarnon	"अलंकरणों
"
alnkaranon	"अलंकरणों
"
alankrit	"अलंकृत
"
alankrt	"अलंकृत
"
alnkrut	"अलंकृत
"
alakataraa	"अलकतरा
"
alaktara	"अलकतरा
"
alkatara	"अलकतरा
"
alaknanda	"अलंकानी
"
alka	"अलका
"
alakshit	"अलक्षित
"
alakshita	"अलक्षित
"
alaksita	"अलक्षित
"
alakh	"अल्
"
alag	"अलल
"
alg	"अलो
"
algebra	"अलजेब्री
"
aljebra	"अलजेब्रा
"
alfred	"अल्फ्रेड
"
alabtta	"अलबत्ता
"
albatta	"अलबत्ता
"
albart	"अलबर्ट
"
albert	"अलबर्ट
"
albama	"अलबामा
"
alabela	"अलबेला
"
albela	"अलबेला
"
alabeli	"अलबेली
"
albeli	"अलबेली
"
almariyon	"अलमारियों
"
almari	"अलमारी
"
alerts	"अलर्ट्स
"
alavar	"अलवर
"
alvar	"अलवर
"
alwar	"अलवर
"
alveeda	"अलविदा
"
alvida	"अलविदा
"
alsee	"अलसी
"
alsi	"अलसी
"
alstair	"अलस्टेयर
"
alstayer	"अलस्टेयर
"
alsteyar	"अलस्टेयर
"
alaind	"अलानी
"
alide	"अलादी
"
allied	"एलायी
"
alauddin	"अलादद्दीन
"
allaudin	"अलाद्दीन
"
aladin	"अलादीन
"
alarm	"अलार्म
"
alava	"अलावा
"
alawa	"अलावा
"
aliganj	"अलीगंग
"
aligadh	"अलीग्ल
"
aligarh	"अलीग्र
"
alinagar	"अलीपार
"
alipur	"अलीपुर
"
alipurdawar	"अलीपुरद्वार
"
alipurdvar	"अलीपुरद्वार
"
alipurdwar	"अलीपुरद्वार
"
alibaag	"अलीबार
"
alibag	"अलीबार
"
alibaug	"अलीबार
"
alibaba	"अलीबाजा
"
alisha	"अलीया
"
alexandar	"अलेक्जेंडर
"
alexander	"अलेक्जेंडर
"
alex	"अलेक्स
"
alexx	"अलेक्स्
"
alokapriyata	"अलोकप्रियता
"
alokpriyata	"अल्कप्रियात
"
alaukik	"अलुकिक
"
aluakik	"अलुकिक
"
alcohol	"अल्कों
"
alcoholic	"अल्कोलििक
"
aljaaimar	"अल्जामरे
"
aljaimar	"अल्जामरे
"
alzheimer	"अल्जामरी
"
algeria	"अल्जीरिया
"
aljiriya	"अल्जीरिया
"
alter	"अल्टर
"
altimate	"अल्टीमेट
"
ultimate	"अल्टीमेट
"
altimatum	"अल्टीमेटर
"
ultimatam	"अल्टीमेटम
"
ultimatum	"अल्टीमेटे
"
alto	"अल्ट
"
ultra	"अल्ट्रा
"
ultraviolet	"अल्ट्रावायनो
"
ultrasound	"अल्ट्रासानों
"
alpakalik	"अल्पकालिक
"
alpkalik	"अल्पकालिक
"
alpakalin	"अल्पकालीन
"
alpkalin	"अल्पकालीन
"
alpana	"अल्पान
"
alpsankhyak	"अल्पसंख्यक
"
alpsankhyakvaad	"अल्पसंख्यकों
"
alpsankhyakvad	"अल्पसंख्यकों
"
alpsankhyakwaad	"अल्पसंख्यकों
"
alpsankyakvaad	"अल्पसंख्यकों
"
alpsankyakvad	"अल्पसंख्यकों
"
alpasankhyakon	"अल्पसंख्यकों
"
alpasankhyko	"अल्पसंख्यकों
"
alpsankhyako	"अल्पसंख्यकों
"
alpine	"अल्पाान
"
alpayu	"अल्पाया
"
alpavadhi	"अल्पाविी
"
alpavdhi	"अल्पाविी
"
alpawadhi	"अल्पाविी
"
alpahaar	"अल्पाहार
"
alpahar	"अल्पाहार
"
alfred	"अल्फ्रेड
"
alfriend	"अल्फ्रेड
"
alfa	"अल्या
"
alpha	"अल्ान
"
alfrad	"अल्फ्रेड
"
alfred	"अल्फ्रेड
"
alfriend	"अल्फ्रेड
"
albam	"अलबाम
"
album	"अल्बा
"
albert	"अलबर्ट
"
albania	"अल्बानिया
"
albiniya	"अल्बानिया
"
albukark	"अल्बूकर्क
"
albuquerque	"अल्बूकर्क
"
albania	"अल्बानिया
"
albeniya	"अल्बेनिया
"
almoda	"अल्मोड़ा
"
almora	"अल्मोड़ा
"
aluminium	"एल्युमीनिया
"
allama	"अल्लामा
"
allah	"अल्ला
"
allu	"अल्ला
"
alsar	"अल्सर
"
ulcer	"अल्सर
"
alhad	"अल्हां
"
alhar	"अल्हार
"
avakash	"अवकास
"
avkaash	"अवकास
"
avkash	"अवकास
"
avagat	"अवगत
"
avgat	"अवगत
"
avachetan	"अवचेतन
"
avchetan	"अवचेतन
"
avagya	"अव््र
"
avg	"अवस्स
"
avataran	"अवतरण
"
avtaran	"अवतरण
"
avatarit	"अवतरित
"
avtarit	"अवतरित
"
avataar	"अवतार
"
avatar	"अवतार
"
avtar	"अवतार
"
avataron	"अवतारों
"
avtaron	"अवतारों
"
avadan	"अवदान
"
avdaan	"अवदान
"
avdan	"अवदान
"
avadharna	"अवधारणा
"
avdharna	"अवधारणा
"
avdharnaa	"अवधारणा
"
avadharnaye	"अवधारणाया
"
avdharnaein	"अवधारणानी
"
avdharnaen	"अवधारणानी
"
avdharnao	"अवधारणान
"
avdharnaon	"अवधारणाना
"
awadhaarnao	"अवधारणां
"
avadhi	"अवधि
"
avdhi	"अवधि
"
avadhut	"अवधूत
"
avdhoot	"अवधूत
"
avdhut	"अवधूत
"
avdhesh	"अवधेश
"
avan	"अवन
"
avanat	"अवनत
"
avnat	"अवनत
"
avani	"अवनी
"
avni	"अवनी
"
avamanna	"अवमानना
"
avmanana	"अवमानना
"
avmanna	"अवमानना
"
avamulyan	"अवमूल्यन
"
avmulyan	"अवमूल्यन
"
avayav	"अववय
"
avyav	"अवयव
"
avyavon	"अवयवों
"
avayask	"अवयस्क
"
avyasak	"अवयस्क
"
avar	"अवर
"
avara	"अवर
"
avarakt	"अवरक्त
"
avarakta	"अवरक्त
"
avrakt	"अवरक्त
"
avruddh	"अवरूद्य
"
awaruddha	"अवरूद्ध
"
avruddh	"अवरूद्य
"
awaruddha	"अवरूद्ध
"
avarodh	"अवरोध
"
avrodh	"अवरोध
"
avrodhon	"अवरोधों
"
avarnaneeya	"अवर्णनीय
"
avarnaniy	"अवर्णनीय
"
avarnaniya	"अवर्णनीय
"
avranyaan	"अवर्णनीय
"
avranyan	"अवर्णनीय
"
avrnaniy	"अवर्णनीय
"
avalokan	"अवलोकन
"
avlokan	"अवलोकन
"
awalokan	"अवलोकन
"
avashesh	"अवशेश
"
avshesh	"अवशेश
"
awashesh	"अवशेश
"
avashesho	"अवशेषों
"
avsheshon	"अवशेशों
"
awashesho	"अवशेषों
"
avshoshan	"अवशोषन
"
awashoshan	"अवशोषन
"
avshoshit	"अवशोषित
"
avashy	"अवश्य
"
avashya	"अवश्य
"
avasy	"अवश्य
"
awasya	"अवस्य
"
avashyanbhaavee	"अवश्यंभावी
"
avashyanbhave	"अवश्यंभावी
"
avashyanbhavi	"अवश्यंभावी
"
avasyambhavi	"अवश्यंसावा
"
avasynbhavi	"अवश्यंभावी
"
avasanrchana	"अवसंरचना
"
avasanrchanaa	"अवसंरचना
"
avsanrachna	"अवसंरचना
"
avsanrchana	"अवसंरचना
"
avsar	"अवसर
"
avasaravaadita	"अवसरवादिता
"
avasaravaaditaa	"अवसरवादिता
"
avasaravadita	"अवसरवादिता
"
avsarvadita	"अवसरवादिता
"
avsarwadita	"अवसरवादिता
"
avasaravaadee	"अवसरवादी
"
avasaravadi	"अवसरवादी
"
avasarvadi	"अवसरवादी
"
avsarvadi	"अवसरवादी
"
avsarwadi	"अवसरवादी
"
avasaron	"अवसरों
"
avasron	"अवसरों
"
avsaron	"अवसरों
"
avocadon	"अवसादों
"
avsadon	"आवसादों
"
avastha	"अवस्था
"
avasthaa	"अवस्था
"
avstha	"अवस्था
"
avasthaon	"अवस्थांत
"
avsthaon	"अवस्थांत
"
awasthaon	"अवस्थांत
"
avsthi	"अवस्थी
"
awasthi	"अवस्थी
"
avahelana	"अवहेलना
"
avahelanaa	"अवहेलना
"
avahelna	"अवहेलना
"
avhelna	"अवहेलना
"
avaanchhaneeya	"अवांछनीय
"
avanchaniy	"अवांछनीय
"
avanchaniya	"अवांछनीय
"
awanchhniya	"अवांछनीय
"
avanchhit	"अवांछित
"
avanchit	"अवांछित
"
awanchhit	"अवांछित
"
avaad	"अवाद
"
avad	"अवाद
"
awad	"अवाद
"
award	"अवार्स
"
awards	"अवार्स्य
"
avikal	"अविका
"
avinash	"अविनान
"
avinashi	"अविनाशी
"
avibhajit	"अविभाजित
"
avibhajy	"अविभाज्य
"
avibhajya	"अविभाज्य
"
aviram	"अविराम
"
avilamb	"अविलंग
"
avilanab	"अविलंय
"
avilnb	"अविलंत
"
avivaadita	"अविवादित
"
avivadit	"अविवादित
"
avivadita	"अविवादित
"
avivahit	"अविवाहित
"
avivekpuran	"अविवेकपूर्ण
"
avivekpurn	"अविवेकपूर्ण
"
avivekpurna	"अविवेकपूर्ण
"
avishvaas	"अविश्वास
"
avishvas	"अविश्वास
"
avishkaar	"अविष्कार
"
avishkar	"अविष्कार
"
avishkaarak	"अविष्कारक
"
avishkarak	"आविष्कारक
"
ave	"आवे
"
away	"अवा
"
avenger	"अवेंरज
"
avengers	"अवेंजर्स
"
awareness	"अवेयरनेस
"
awernes	"अवेयारें
"
avehalana	"अवेहलना
"
avehalanaa	"अवेहलना
"
avehalna	"अवेहलना
"
avaintik	"अवैतनिक
"
avetnik	"अवैतनिक
"
awaitnik	"अवैतनिक
"
avaidhyanath	"अवैद्याना
"
avaidyanath	"अवैद्यना
"
avaidh	"अवेद
"
aviadh	"अविय
"
awaidh	"अवेश
"
avaidhta	"अवैधता
"
aviadhta	"अवैधता
"
awaidhta	"अवैधता
"
avaidhaanik	"अवैधानिक
"
avaidhanik	"अवैधानिक
"
award	"अवार्स
"
avyakt	"आव्यक्त
"
avayavastha	"अव्यवस्था
"
avyavastha	"अव्यवस्था
"
avyvastha	"अव्यवस्था
"
avyavasthaon	"अव्यवस्थांग
"
avyayvasthaon	"अव्यवस्थांग
"
avyavasthit	"अव्यवस्थित
"
avval	"अव्वा
"
ashad	"आशा
"
assad	"असी
"
ashfaq	"अशशा
"
ashar	"आशर
"
asharf	"अशरर
"
ashraf	"अशरर
"
asharf	"अशरर
"
ashraf	"अशरर
"
ashant	"अशांत
"
ashanti	"आशांती
"
ashisht	"अशिष्ट
"
ashishta	"अशिष्ता
"
ashishtta	"अशिष्टता
"
ashiddh	"अशुद्ध
"
ashudd	"अशुद्ध
"
ashudh	"अशुद्ध
"
ashuddhata	"अशुद्धता
"
ashuddta	"अशुद्धता
"
ashudhta	"अशुद्त्त
"
ashuddhi	"अशुद्धि
"
ashudhi	"अशुद्धि
"
ashuddiyon	"अशुद्धियों
"
ashudhiyon	"अशुद्धियों
"
ashubh	"अशुक
"
ashek	"अशेक
"
ashru	"अश्री
"
ashruon	"अश्रुों
"
ashleel	"अश्लील
"
ashlil	"अश्लील
"
ashleelta	"अश्लीलता
"
ashlilta	"अश्लीलता
"
ashrav	"आश्र
"
ashv	"आश्य
"
ashravgandha	"अश्वगंधा
"
ashvagandha	"अश्वगंधा
"
ashvgandha	"अश्वगंधा
"
ashvatthama	"अश्वत्थामा
"
ashvtthama	"अश्वत्थामा
"
ashwatthama	"अश्वत्थामा
"
ashvani	"अश्वनी
"
ashvni	"अश्वनी
"
ashwani	"अश्वनी
"
ashvamegh	"अश्वमेल
"
ashvmegh	"अश्वमेल
"
ashwamegh	"अश्वमेल
"
ashvin	"अश्विन
"
ashwin	"अश्विन
"
ashvet	"अश्वेत
"
ashwet	"अश्वेत
"
ashveton	"अश्वेतों
"
ashweton	"अश्वेतों
"
asht	"अस्त
"
ashtam	"अष्टम
"
ashtm	"अष्टम
"
ashtami	"अष्टमी
"
ashtmi	"अष्टमी
"
ashtaang	"अष्टांग
"
ashtang	"अष्टांग
"
ashtavakra	"अष्टावक्र
"
ashtavark	"अष्टावक्र
"
ashtavkra	"अष्टावक्र
"
as	"एस
"
asangathit	"असंगतित
"
asangthit	"असंगतित
"
asangati	"असंगति
"
asangti	"असंगति
"
asantulan	"असंतुला
"
asantulit	"असंतुलित
"
asantusht	"असंतुष्ट
"
asantushth	"असंतुष्ट
"
asantushton	"असंतुष्टों
"
asantript	"असंतृप्त
"
asantrupt	"असंतुर्त
"
asantosh	"असंतों
"
asantoshjanak	"असंतुष्ों
"
asandigdh	"असंदिग्य
"
asambandhit	"असंबंधित
"
asambhndhit	"असंबंधित
"
asanbandhit	"असंबंधित
"
asabddh	"असंबद्द
"
asambadh	"असंबद्
"
asanbandh	"असंबद्य
"
asambhav	"असंबा
"
asanbhav	"असंही
"
ashambhav	"असंबी
"
ashambhaw	"असंभा
"
aske	"असकी
"
askriy	"असक्रिय
"
askriya	"असक्रिय
"
asrkiya	"असक्रिय
"
asaty	"असत्य
"
asatya	"असत्य
"
asatayapit	"असत्यापित
"
asatyapit	"असत्यापित
"
asad	"असद
"
asadullah	"असदुल्ला
"
asdulla	"असदुल्ला
"
asafalata	"असफलता
"
asafalta	"असफलता
"
asabhy	"असभ्य
"
asabhya	"असभ्य
"
asbhay	"असभ्य
"
asabhyata	"असभ्यता
"
asabhyta	"असभ्यता
"
asbhyeta	"असभ्यता
"
asam	"असम
"
assam	"असा
"
asamanajas	"असमंसा
"
asamanjas	"असमंसा
"
asamay	"असाम
"
asamarth	"असमर्य
"
asamrth	"असमर्त
"
asamarthata	"असमर्थता
"
asamarthataa	"असमर्थता
"
asamarthta	"असमर्थता
"
asmarthta	"असमर्थता
"
asama	"असाम
"
asamaan	"असमान
"
asaman	"असमान
"
asman	"असमान
"
asamaanta	"असमानता
"
asamaantaa	"असमानता
"
asamanta	"असमानता
"
asmanta	"असमानता
"
asami	"असामी
"
assame	"असमी
"
asargang	"असरगंग
"
asarganj	"असरगंज
"
asaradaar	"असरदार
"
asaradar	"असरदार
"
asardaar	"असरदार
"
asardar	"असरदार
"
asaraani	"असरानी
"
asrani	"असरानी
"
asaraar	"असरार
"
asraar	"असरार
"
asrar	"असरार
"
asal	"असल
"
asalam	"असलम
"
aslam	"असलम
"
asaliyat	"असलियत
"
asliyat	"असलियत
"
asali	"असली
"
asli	"असली
"
asahaj	"असाही
"
asahanashilata	"असहनशीलता
"
asahanshilta	"असहनशीलता
"
asahaneey	"असहनीय
"
asahaniy	"असहनीय
"
asahniy	"असहनीय
"
asahniya	"असहनीय
"
asahamat	"असहमत
"
asahmat	"असहमत
"
ashamat	"असहमत
"
asahamati	"असहमति
"
asahmati	"असहमति
"
asahayog	"असहयों
"
asahyog	"असहयों
"
asahaay	"असहाय
"
asahaaye	"असहाय
"
asahay	"असहाय
"
asahaye	"असहाय
"
asahaayataa	"असहायता
"
asahayata	"असहायता
"
asahayta	"असहायता
"
asahayon	"असहायों
"
asahishnuta	"असहनष्लिता
"
assignment	"असानीमेंट
"
asaadhaarn	"असाधारण
"
asadhaarn	"असाधारण
"
asadharan	"असाधारण
"
asaadhy	"असाध्य
"
asadhy	"असाध्य
"
asadhya	"असाध्य
"
asaamayik	"असामयिक
"
asamayik	"असामयिक
"
asamyik	"असामयिक
"
asaamaajik	"असामाजिक
"
asamajik	"असामाजिक
"
asaamaany	"असामान्य
"
asaamaanya	"असामान्य
"
asamany	"असामान्य
"
asamanya	"असामान्य
"
asamanyata	"असामान्यता
"
asamanyta	"असामान्यता
"
asaahi	"असाही
"
asahi	"असाही
"
asit	"असित
"
asistent	"असिस्टेंट
"
assistant	"एसिस्टेंट
"
aseem	"असीम
"
asim	"असिम
"
aseemanand	"असीमानंड
"
asimanand	"असीमानंड
"
aseemit	"असीमित
"
asimit	"असिमित
"
aseer	"असीर
"
asir	"असीर
"
asur	"असुर
"
asuraksha	"असुरक्षा
"
asurksha	"असुरक्षा
"
asuron	"असुरों
"
asuveedha	"असुविधा
"
asuveedhaa	"असुविधा
"
asuvidha	"असुविधा
"
asuvidhaa	"असुविधा
"
asuvidhaaon	"असुविधानी
"
asuvidhaon	"असुविधानी
"
asuvidhaajanak	"असुविधाजनक
"
asuvidhajanak	"असुविधाजनक
"
asuvidhajank	"असुविधाजनक
"
assembley	"असेंबली
"
assembly	"असेंबली
"
assesment	"असेसमेंट
"
assessment	"असेसमेंस
"
asainy	"असैन्य
"
asainya	"असैन्य
"
association	"एसोसिएशन
"
ast	"अस्त
"
astvyast	"अस्तव्यस्त
"
astvyastata	"अस्तव्यस्ता
"
asti	"अस्ति
"
astitv	"अस्तित्ट
"
astitva	"अस्तित्त
"
astitvavaad	"अस्तित्ववाद
"
astitvvad	"अस्तित्ववाद
"
astitvwaad	"अस्तित्ववाद
"
ast	"अस्त
"
astr	"अस्त्र
"
astra	"अस्त्र
"
astrashastron	"अस्त्रशस्त्रों
"
astshastron	"अस्त्रशस्त्रों
"
astron	"अस्त्रों
"
asthae	"अस्था
"
asthai	"अस्थान
"
asthaai	"अस्थाय
"
asthayi	"अस्थायी
"
asthi	"अस्थि
"
asthir	"अस्थिर
"
asthirata	"अस्थिरता
"
asthirataa	"अस्थिरता
"
asthirta	"अस्थिरता
"
aspataal	"अस्पताल
"
aspataalon	"अस्पतालों
"
aspatalon	"अस्पतालों
"
aspasht	"अस्पष्ट
"
aspashta	"अस्पष्ट
"
aspashtata	"अस्पष्ट्त
"
aspashtta	"अस्पष्टता
"
aspashya	"अस्पाश्य
"
asprashya	"अस्पृश्य
"
asprishya	"अस्पृश्य
"
asparshyon	"अस्पृश्यों
"
asprashyon	"अस्पृश्यों
"
asprishyon	"अस्पृश्यों
"
asmita	"अस्मिता
"
aswach	"अस्वच्
"
aswachcha	"अस्वच्त
"
aswachh	"अस्वच्य
"
asvacchta	"अस्वच्त्त
"
aswachhta	"अस्वच्त्त
"
aswasth	"अस्वस्स
"
asvabhavik	"अस्वाभाविक
"
aswabhavik	"अस्वाभाविक
"
aswikaar	"अस्वीकार
"
aswikar	"अस्वीकार
"
aswikaarya	"अस्वीकार्य
"
aswikary	"अस्वीकार्य
"
aswikarya	"अस्वीकार्य
"
asvikrit	"अस्वीकृत
"
aswikrat	"अस्वीकृत
"
aswikrit	"अस्वीकृत
"
asvikriti	"अस्वीकृति
"
aswikrati	"अस्वीकृति
"
aswikriti	"अस्वीकृति
"
ahankaar	"अहंकार
"
ahankar	"अहंकार
"
aham	"अहा
"
ahemad	"अहमद
"
ahmad	"अहमद
"
ahmed	"अहमद
"
ahmadnagar	"अहमदनार
"
ahmednagar	"अहमदनरो
"
ahmadpur	"अहमदपुर
"
ahmedpur	"अहमदपुर
"
ahmadshah	"अहमदशान
"
ahmedshah	"अहमदशान
"
ahmadabad	"अहमदाबाद
"
ahmedabad	"अहमदाबाद
"
amhmedabad	"अहमदाबाद
"
ahsaan	"अहसान
"
ahsan	"अहसान
"
ahsaas	"अहसास
"
ahsas	"अहसास
"
ahaate	"अहाते
"
ahate	"अहाता
"
ahaan	"अहान
"
ahan	"अहान
"
ahinsak	"अहिंकस
"
ahimsa	"अहिंसा
"
ahinsa	"अहिंसा
"
ahinsaa	"अहिंसा
"
ahiravan	"अहिरावा
"
ahilya	"अहिल्या
"
ahilyabae	"अहिल्यादान
"
ahilyabai	"अहिल्यादान
"
ahirwal	"अहिरावा
"
ahoi	"अहों
"
ahoie	"अहों
"
aadi	"आदी
"
online	"अनलाना
"
aur	"और
"
aankhe	"आंखी
"
aankhen	"आंखें
"
aankhen	"आंखें
"
aankhen	"आंखें
"
aankhon	"आंखों
"
aank	"आंक
"
aankaraa	"आंकड़ा
"
aankda	"आंकड़ा
"
ankada	"आंकड़ा
"
ankara	"आंकड़ा
"
aankade	"आंकड़े
"
ankade	"आंकड़े
"
aakadon	"आंकड़ों
"
aankadon	"आंकड़ों
"
ankdon	"आंकड़ों
"
aankane	"आंकने
"
aankne	"आंकने
"
aanka	"आंका
"
aankaa	"आंका
"
aankik	"आंकिक
"
aanki	"आंकी
"
aankh	"आंक
"
ankh	"आंक
"
aankhen	"आंखें
"
aangan	"आंगन
"
angan	"अंगन
"
aanganbadi	"आंगनबाड़ी
"
anganbadi	"आंगनबाड़ी
"
aanganvadi	"आंगनवाड़ी
"
anganbadi	"आंगनबाड़ी
"
anganwaadi	"आंगनवाड़ी
"
anganwadi	"आंगनवाड़ी
"
anglong	"आंगलोंग
"
aonglong	"आंगलोंग
"
aangre	"आंग्रे
"
angre	"अंग्रे
"
aanchalik	"आंचलिक
"
aanchlik	"आंचलिक
"
anachalik	"आंचलिक
"
aantarik	"आंतरिक
"
aantrik	"आंतरिक
"
aanton	"आंतों
"
aandolanon	"आंदोलनों
"
andolanon	"आंदोलनों
"
aandolit	"आंदोलित
"
andolit	"अंदोलित
"
aandre	"आंद्रे
"
andre	"एंड्री
"
aandhiyon	"आंधियों
"
andhiyon	"आंधियों
"
aandhi	"आंधी
"
andhi	"अंधी
"
andhrapradesh	"अंधराप्र्ती
"
aambedkar	"आंबेडकर
"
ambedkar	"अंबेडकर
"
amedkar	"अमेक्र
"
aanvala	"आंवला
"
aanwala	"आंवला
"
anvala	"आंवला
"
anwala	"आंवला
"
awala	"आलावा
"
aanshik	"आंशिक
"
anashik	"आंशिक
"
aansuo	"आंसुों
"
aansuon	"आंसुों
"
aansu	"आंस
"
aansuo	"आंसुों
"
aansuon	"आंसुों
"
einstein	"इनस्टिन
"
aaiae	"आयो
"
aaiye	"आयी
"
isl	"आईसलीा
"
icon	"आईकन
"
ikea	"आईकास
"
ikiya	"इकािया
"
aaigar	"आगगर
"
iegar	"आइर
"
igar	"आगरा
"
eisenhower	"आइजनहारी
"
ijanhower	"आइजनहावर
"
ijanjavar	"इजजनाार
"
aizawl	"आइजाली
"
ijol	"आइजली
"
itunes	"इत्निया
"
idles	"आइडल्स
"
idols	"आइडल्स
"
idea	"इडिया
"
aaine	"आनें
"
aaeris	"आरिी
"
eyeris	"आइरिक
"
iris	"आइरिक
"
iland	"आईलेंड
"
island	"आईलेंड
"
ails	"आलिस
"
ils	"आइल्स
"
ivari	"आइवरी
"
ivory	"आइवरी
"
ivre	"आइवरी
"
iv	"आईएस
"
ice	"आईस
"
icecream	"आइस्क्रीम
"
iceland	"आइसलेंड
"
icing	"आइसिंग
"
isolated	"आइस्लेटें
"
isoleeted	"आइसोलेटें
"
icecream	"आइस्क्रीम
"
aai	"आई
"
eye	"ईए
"
aai	"आई
"
aain	"आनी
"
eye	"ईए
"
iim	"आईएं
"
iit	"आईटी
"
ira	"आईरा
"
irs	"आईरीस
"
ies	"आईस
"
iec	"आईस
"
ianas	"आईएनए
"
ians	"आईएनस
"
iaf	"आईएा
"
ins	"आईएनी
"
ing	"आईएन
"
ima	"आईएमी
"
imt	"आईमीटी
"
imd	"आईएमील
"
isis	"इससी
"
iss	"आईएसी
"
iso	"आईसी
"
isbn	"आईएसीी
"
iq	"आईसी
"
eyes	"आयों
"
ice	"आईस
"
it	"आईटी
"
itf	"आईटीसी
"
itv	"आईटीवी
"
itc	"आईटीसी
"
idle	"आइडल
"
idol	"आईली
"
id	"आईए
"
idfc	"आईडीीस
"
idc	"आईडीसी
"
aaena	"आनान
"
aaina	"आनान
"
ip	"आईपी
"
ipl	"आईपीली
"
ips	"आईपीसी
"
ipo	"आईपी
"
iffa	"आईफा
"
iifa	"आईया
"
iba	"आईबीस
"
ibm	"आईबीमी
"
ibp	"आईबीपी
"
imax	"आईमकक्
"
eyelend	"आइलेंक
"
iland	"आईलेंड
"
island	"आईलेंड
"
iland	"आईलेंड
"
island	"आईलेंड
"
iv	"आईएस
"
ic	"आईसी
"
icici	"आईसीसी
"
icl	"आईसीली
"
ict	"आईसीटी
"
icds	"आईसीडी
"
icp	"आईसीपी
"
icc	"आईसीसी
"
out	"आटे
"
outdoor	"आउटडोर
"
output	"आउटपुट
"
outpost	"आउटपोस्ट
"
outfit	"आउटििर
"
outreach	"उउतरी
"
outlook	"आउटलों
"
outsorcing	"आउटसोर्सिंग
"
outsourcing	"आउटसोर्सिंग
"
aaunga	"आगंगा
"
aaungaa	"आगनाा
"
out	"आटे
"
aae	"आई
"
aaye	"आय
"
aaenge	"आंगें
"
aayenge	"आयेंग
"
aaega	"आगात
"
aayegaa	"आयागे
"
aega	"आगा
"
aaegi	"आगीी
"
aayegi	"आयेगी
"
aegi	"आगीी
"
aak	"आक
"
ach	"आक
"
aakar	"आकार
"
akar	"आकार
"
aakarshak	"आकर्षक
"
akarshak	"आकर्षक
"
aakarshan	"आकर्षण
"
aakrshan	"आकर्षण
"
akarshan	"आकर्षण
"
aakarshanon	"आकर्षणों
"
aakarshnon	"आकर्षणों
"
akarshanon	"आकर्षणों
"
aakarshit	"आकर्षित
"
aakalan	"आकलन
"
aaklan	"आकलन
"
akalan	"आकलन
"
aakasmik	"आकस्मिक
"
aakankshaa	"आकांक्षा
"
aakansha	"आकांक्षा
"
akanksha	"आकांक्षा
"
aakaankshaayein	"आकांक्षांं
"
aakanshaein	"आकांक्षांं
"
aakanshayen	"आकांक्षांं
"
aakaankshaaon	"आकांक्षांं
"
aakanshaon	"आकांक्षांी
"
aankanshaon	"आकांक्षांं
"
aakaankshi	"आकांक्षा
"
aakanshi	"आकांक्षी
"
aakaar	"आकार
"
aakar	"आकार
"
aakaaron	"आकारों
"
aakaron	"आकारों
"
aakaashgangaa	"आकाशगंगा
"
aakashganga	"आकाशगंगा
"
aakaashgangaaon	"आकाशगंगांग
"
aakashgangaon	"आकाशगंगांग
"
akashgangaon	"आकाशगंगानी
"
aakaashvaani	"आकाशवासी
"
aakashvani	"आकाशवासी
"
akashvani	"आकाशवासी
"
aakriti	"आकृति
"
aakruti	"आकृति
"
akriti	"आकृति
"
aakritiyan	"आकृतियां
"
aakrutiyaan	"आकृतियां
"
akritiyan	"आकृतियां
"
aakritiyon	"आकृतियों
"
aakrutiyon	"आकृतियों
"
akritiyon	"आकृतियों
"
aakrisht	"आकृष्ट
"
aakrusht	"आकृष्ट
"
aakrushta	"आकृष्ट
"
aakraman	"आक्रमा
"
aakramankaariyon	"आक्रमणकारियों
"
aakramankariyon	"आक्रमणकारियों
"
aakramankaari	"आक्रमणकारी
"
aakramankari	"आक्रमणकारी
"
aakramanon	"आक्रमणों
"
aakraant	"आक्रांत
"
aakrant	"आक्रांत
"
aakraamak	"आक्रामक
"
aakramak	"आक्रामक
"
aakraamaktaa	"आक्रामकता
"
aakramakta	"आक्रामकता
"
aakrosh	"आक्रों
"
aakrsoh	"आक्रों
"
aakshep	"आक्षें
"
aakhar	"आखर
"
aakhari	"आखरी
"
aakhri	"आखरी
"
aakhir	"आखरी
"
akhir	"आखिर
"
aakhirkaar	"आखिरकार
"
aakhirkar	"आखिरकार
"
aakhiri	"आखिरी
"
akhiri	"आखिरी
"
aakhya	"आख्या
"
aalhyaa	"आल्या
"
aakhyaan	"आख्यान
"
aakhyan	"आख्यान
"
aakhyaanon	"आख्यानों
"
akhyanon	"आख्यानों
"
aag	"आग
"
aagantuk	"आगंतुक
"
aangatuk	"आगंतुक
"
agantuk	"आगंतुक
"
aagantukon	"आगंतुकों
"
aangatuko	"आगंतुकों
"
agantukon	"आगंतुकों
"
aagam	"आगा
"
aagar	"आगर
"
aagra	"आगरा
"
agra	"आगरा
"
aagari	"आगरी
"
aagri	"आगरी
"
agari	"आगरी
"
aagaaj	"आगाज
"
aagaaz	"आगााज
"
aghaj	"आगाजा
"
aghaz	"आगाजा
"
aaga	"आगा
"
aagaa	"आगा
"
aga	"आगा
"
aagaaj	"आगाज
"
agaj	"आगाज
"
aagaami	"आगामी
"
aagami	"आगामी
"
agami	"आगामी
"
aagaaha	"आगाम
"
aagah	"आगाल
"
agah	"आगाह
"
aage	"आगे
"
age	"एग
"
aagolaai	"आगोलान
"
agolae	"आगोलान
"
agolai	"आगोलान
"
aagneya	"आग्नेय
"
agney	"अग्नेय
"
agneya	"अग्नेय
"
aagneyaastra	"आग्नेयास्त्र
"
agneyastra	"अग्नेयास्त्र
"
aagarh	"आग्रा
"
aagrah	"आग्रा
"
agarh	"आग्रा
"
aaghaat	"आधात
"
aaghat	"आगात
"
aacharan	"आचार
"
aachaarsanhitaa	"आचारसंहिता
"
aacharsanhita	"आचारसंहिता
"
acharsanhita	"आचारसंहिता
"
aachaarya	"आचार्य
"
aacharya	"आचार्य
"
acharya	"आचार्य
"
aachaaryon	"आचार्यों
"
aacharyon	"आचार्यों
"
aachayon	"आचार्यों
"
aacchaadan	"आच्छादन
"
aachaadan	"आच्छादन
"
aachchadan	"आच्छादन
"
acchadan	"आच्छादन
"
aacchaadit	"आच्छादित
"
aachchadit	"आच्छादित
"
aachhadit	"आच्छादित
"
acchadit	"आच्छादित
"
aaj	"आज
"
aajkal	"आजकल
"
aajtak	"आजाता
"
aajanam	"आजन्म
"
aajanma	"आजन्म
"
ajanam	"आजन्म
"
azagarh	"आजमगार
"
azamgarh	"आजमगरा
"
aajmaa	"आजमा
"
aazma	"आजमा
"
ajama	"आजमा
"
aajmaai	"आजमान
"
aazmai	"आजमान
"
ajmae	"आजमान
"
aajmaaish	"आजमासी
"
aazmaish	"आजमासी
"
ajmaesh	"आजमासी
"
aajmaane	"आजमाना
"
aajmane	"आजमाने
"
aazmaane	"आजमाने
"
aazam	"आजमा
"
azam	"आजमा
"
aazmi	"आजमी
"
azami	"आजमीा
"
azmi	"आजममी
"
azaadi	"आजादी
"
azadi	"आजादी
"
aaja	"आजा
"
aajaa	"आजा
"
aja	"आजा
"
ajad	"आजाद
"
azaad	"आजाद
"
azad	"आजाद
"
aajadi	"आजादी
"
aazadi	"आजादी
"
azadi	"आजादी
"
aaji	"आजी
"
aajeevan	"आजीवन
"
aajivan	"आजीवन
"
aajeevika	"आजीविका
"
aajivika	"आजीविका
"
aaghya	"आज्या
"
aagya	"आज्ञा
"
aaghyakarita	"आज्ञाकारिता
"
aagyakarita	"आज्ञाकारिता
"
aaghyanusar	"आज्ञानुसार
"
aagyanusar	"आज्ञानुसार
"
aate	"आते
"
aath	"आत
"
aathavan	"आठवां
"
aathvan	"आठवां
"
athavan	"आठवां
"
aathvi	"आठवीं
"
aathvin	"आठवीं
"
aathvein	"आठवें
"
aathven	"आठवें
"
athvein	"आठवें
"
aadambarpurana	"आडंबरपूर्ण
"
aadambarpurn	"आडंबरपूर्ण
"
adambarpurn	"आडंबरपूर्ण
"
adavani	"आदवानी
"
advani	"अडवानी
"
aad	"आदी
"
aade	"आदे
"
aaden	"आदें
"
aada	"आदा
"
audit	"आडित
"
auditorium	"आडिटरोंग
"
aadu	"आदा
"
aanvik	"आव्िक
"
aatank	"आतंक
"
aatankvad	"आतंकवाद
"
aatankwaad	"आतंकवाद
"
aatankwad	"आतंकवाद
"
aatankvadhiyo	"आतंकवादियों
"
aatankwadiyon	"आतंकवादियों
"
aatankvadi	"आतंकवादी
"
aatankwadi	"आतंकवादी
"
aatankiayon	"आतंकियों
"
aatankiyon	"आतंकियों
"
aatanki	"आतंकी
"
aata	"आता
"
aatishbaaji	"आतिशबाजी
"
aatishbaji	"आतिशबाजी
"
atishbaji	"अतिशबारी
"
aati	"आती
"
aatin	"आतें
"
ateen	"आतीन
"
aatur	"आतुर
"
atur	"आतुर
"
aate	"आते
"
aatein	"आतें
"
aaten	"आतें
"
aatam	"आत्म
"
aatm	"आत्म
"
aatmakatha	"आत्मकता
"
aatmkatha	"आत्मकता
"
aatmakathayein	"आत्मकथांी
"
aatmkathaen	"आत्मकथां
"
aatmkathayen	"आत्मकथांी
"
aatmaglani	"आत्मग्लानी
"
aatmglani	"आत्मग्लानि
"
atmaglani	"आत्मग्लानि
"
aatmaghaat	"आत्मघात
"
aatmghat	"आत्मघात
"
atmghat	"आत्मघात
"
aatmaghati	"आत्मघाती
"
aatmghati	"आत्मघाती
"
atmghati	"आत्मघाती
"
aatmachintan	"आत्मचिंतन
"
aatmchintan	"आत्मचिंतन
"
aatmadnyaana	"आत्मज्ञान
"
aatmgyaan	"आत्मज्ञान
"
aatmgyan	"आत्मज्ञान
"
aatmadaah	"आत्मदाद
"
aatmdaah	"आत्मदाद
"
aatmdah	"आत्मदाद
"
aatmanirbhar	"आत्मनिर्रत
"
aatmnirbhar	"आत्मनिर्रत
"
aatmanirbharataa	"आत्मनिर्भरता
"
aatmanirbharta	"आत्मनिर्भरत
"
atmanirbharata	"आत्मनिर्यरता
"
aatmraksha	"आत्मरक्षा
"
atmaraksha	"आत्मरक्षा
"
aatmavishwas	"आत्मविश्वास
"
aatmvishvaas	"आत्मविश्वास
"
aatmvishvas	"आत्मविश्वास
"
atmavishvas	"आत्मविश्वास
"
atmavishwas	"आत्मविश्वास
"
aatmashlaagha	"आत्मश्लााा
"
aatmshlaaghaa	"आत्मश्लााा
"
aatmshlagha	"आत्मश्लााा
"
aatmasanyam	"आत्मसंयम
"
aatmsanyam	"आत्मसंयम
"
atmasanyam	"आत्मसंयम
"
atmsanyam	"आत्मसंयम
"
aatmasamarpan	"आत्मसमर्पी
"
aatmsamrpan	"आत्मसमर्पन
"
atmasamarpan	"आत्मसमर्पन
"
aatmasammaan	"आत्मसम्मान
"
aatmasamman	"आत्मसम्मान
"
aatmsamman	"आत्मसम्मान
"
atmasamman	"आत्मसम्मान
"
atmasakshatkar	"आत्मसाक्षात्कार
"
atmsakshatkar	"आत्मसाक्षात्कार
"
aatmahatya	"आत्महत्या
"
aatmhatya	"आत्महत्या
"
atmahatya	"आत्महत्या
"
aatmhatyaon	"आत्महत्यायं
"
atmahatyaon	"आत्महत्याया
"
aatma	"आत्मा
"
atma	"आत्मा
"
aatmaon	"आत्मानी
"
atmaon	"आत्मांस
"
atamara	"आत्मारा
"
atmaram	"आत्माराम
"
aatmik	"आत्मिक
"
atmik	"आत्मिक
"
aatmiyata	"आत्मीयता
"
atmiyata	"आत्मीयता
"
aatyantik	"आत्यंतिक
"
atyantik	"आत्यंतिक
"
aatrey	"आत्रेय
"
aatreya	"आत्रेय
"
aatry	"आत्राय
"
aadam	"आदा
"
adam	"अड़
"
aadamkhor	"आदमकोर
"
adamkhor	"आदमयोर
"
aadmiyon	"आदमियों
"
adamiyon	"आदमियों
"
aadami	"आदमी
"
aadarniy	"आदरणीय
"
aadarniya	"आदरणीय
"
aadarpurvak	"आदरपूर्वा
"
aadarsh	"आदर्य
"
aadrsh	"आदर्य
"
adarsh	"आदर्य
"
aadarshvaad	"आदर्शवाद
"
aadarshvad	"आदर्शवाद
"
adarshwad	"आदर्शवाद
"
aadarshvaadi	"आदर्शवादी
"
aadarshvadi	"आदर्शवादी
"
adarshwadi	"आदर्शवादी
"
aadarshon	"आदर्शों
"
aadaanpradaan	"आदानप्रदान
"
aadanpradan	"आदानप्रदान
"
adanpradan	"आदानप्रदान
"
aadaab	"आदाब
"
aadab	"आदाद
"
aadi	"आदी
"
adi	"आदी
"
aadikaal	"आदिकाल
"
aadikal	"आदिकाल
"
aaditya	"आदित्य
"
aditya	"आदित्य
"
aadityanath	"आदित्यनाय
"
adityanath	"आदित्यनाय
"
aadinath	"आदिनान
"
adinath	"आदिनान
"
aadim	"आदिम
"
aadil	"आदिल
"
adil	"आदिल
"
aadivasiyon	"आदिवासियों
"
adivasiyon	"आदिवासियों
"
aadivashi	"आदिवासी
"
aadivasi	"आदिवासी
"
adivasi	"आदिवासी
"
aadishakti	"आदिशक्ति
"
adishakti	"आदिशक्ति
"
aadi	"आदी
"
adi	"आदी
"
aadivasi	"आदिवासी
"
adivasi	"आदिवासी
"
aadesh	"आदेश
"
adesh	"आदेश
"
aadeshaatmak	"आदेशात्मक
"
aadeshatmak	"आदेशात्मक
"
aadeshmatmak	"आदेशात्मा
"
aadeshanusaar	"आदेशानुसार
"
aadeshanusar	"आदेशानुसार
"
aadeshanushar	"आदेशानुसार
"
adeshanusar	"आदेशानुसार
"
aadeshon	"आदेशों
"
aadya	"आद्य
"
ady	"आद्य
"
adya	"आद्या
"
aadyant	"आद्यता
"
aadya	"आद्य
"
adya	"आद्या
"
aadhar	"आधार
"
aadhr	"आधर
"
aadhra	"आधर
"
aadha	"आधा
"
aadhaa	"आधा
"
aadhaan	"आधान
"
aadhan	"आधान
"
adhaan	"आधान
"
aadhaar	"आधार
"
aadhar	"आधार
"
aadhaarbhoot	"आधारभूत
"
aadharbhoot	"आधारभूत
"
aadharbhut	"आधारभूत
"
adhaarbhoot	"आधारभूत
"
adharbhut	"आधारभूत
"
aadhaarsheela	"आधारशिला
"
aadhaarshila	"आधारशिला
"
aadharsheela	"आधारशिला
"
aadharshila	"आधारशिला
"
adharshila	"आधारशिला
"
aaddharhin	"आधारहीन
"
aadhaarheen	"आधारहीन
"
aadhaarhin	"आधारहीन
"
aadharheen	"आधारहीन
"
adharhin	"आधारहीन
"
aadhaarik	"आधारिक
"
aadharik	"आधारिक
"
adharik	"आधारिक
"
aadhaaron	"आधारों
"
aadharon	"आधारों
"
adharon	"आधारों
"
aadhikarik	"आधिकारिक
"
adhikaarik	"आधिकारिक
"
adhikarik	"आधिकारिक
"
aadhikar	"आधिकार
"
adhikaar	"अधिकार
"
adhikar	"अधिकार
"
aadhikaarik	"आधिकारिक
"
adhikaarik	"आधिकारिक
"
adhikarik	"आधिकारिक
"
adhikarita	"अधिकारिता
"
adhikaron	"आधिकारों
"
ahikaron	"आहिकारों
"
aadhikya	"आधिक्य
"
adhiky	"अधिक्य
"
aadhunikatam	"आधुनिकतम
"
aadhuniktam	"आधुनिकता
"
adhuniktam	"आधुनिकता
"
aadhunikatavadi	"आधुनिकतावादी
"
aadhuniktavadi	"आधुनिकतावादी
"
adhuniktavadi	"आधुनिकतावादी
"
aadhunikarana	"आधुनिकरा
"
aadhunikran	"आधुनिकरत
"
adhunikaran	"आधुनिकरा
"
aadhe	"आधे
"
adhe	"अधे
"
aadhyatmik	"आध्यात्मिक
"
adhyatmik	"आध्यात्मिक
"
aadhyatm	"आध्यात्म
"
aadhyatma	"आध्यात्म
"
adhyatm	"आध्यात्म
"
aadhyatmik	"आध्यात्मिक
"
aadhyatmikata	"आध्यात्मिकता
"
